SL,restaurant,item,calories,cal_fat,total_fat,sat_fat,trans_fat,cholesterol,sodium,total_carb,fiber,sugar,protein,vit_a,vit_c,calcium,salad
1,Mcdonalds,Artisan Grilled Chicken Sandwich,380,60.0,7.0,2.0,1.315934065934066,95.0,1110,44.0,3.0,11.0,37.0,4.0,20.0,20.0,Other
2,Mcdonalds,Single Bacon Smokehouse Burger,840,410.0,45.0,17.0,1.5,130.0,1580,62.0,2.0,18.0,46.0,6.0,20.0,20.0,Other
3,Mcdonalds,Double Bacon Smokehouse Burger,1130,600.0,67.0,27.0,3.0,220.0,1920,63.0,3.0,18.0,70.0,10.0,20.0,50.0,Other
4,Mcdonalds,Grilled Bacon Smokehouse Chicken Sandwich,750,280.0,31.0,10.0,0.5,155.0,1940,62.0,2.0,18.0,55.0,6.0,25.0,20.0,Other
5,Mcdonalds,Crispy Bacon Smokehouse Chicken Sandwich,920,410.0,45.0,12.0,0.5,120.0,1980,81.0,4.0,18.0,46.0,6.0,20.0,20.0,Other
6,Mcdonalds,Big Mac,540,250.0,28.0,10.0,1.0,80.0,950,46.0,3.0,9.0,25.0,10.0,2.0,15.0,Other
7,Mcdonalds,Cheeseburger,300,100.0,12.0,5.0,0.5,40.0,680,33.0,2.0,7.0,15.0,10.0,2.0,10.0,Other
8,Mcdonalds,Classic Chicken Sandwich,510,210.0,24.0,4.0,1.315934065934066,65.0,1040,49.0,3.0,6.0,25.0,20.232142857142858,4.0,2.0,Other
9,Mcdonalds,Double Cheeseburger,430,190.0,21.0,11.0,1.0,85.0,1040,35.0,2.0,7.0,25.0,20.0,4.0,15.0,Other
10,Mcdonalds,Double Quarter Pounder® with Cheese,770,400.0,45.0,21.0,2.5,175.0,1290,42.0,3.0,10.0,51.0,20.0,6.0,20.0,Other
11,Mcdonalds,Filet-O-Fish®,380,170.0,18.0,4.0,1.315934065934066,40.0,640,38.0,2.0,5.0,15.0,2.0,21.37408082034676,15.0,Other
12,Mcdonalds,Garlic White Cheddar Burger,620,300.0,34.0,13.0,1.5,95.0,790,48.0,3.0,11.0,32.0,10.0,10.0,35.0,Other
13,Mcdonalds,Grilled Garlic White Cheddar Chicken Sandwich,530,180.0,20.0,7.0,1.315934065934066,125.0,1150,48.0,3.0,11.0,42.0,10.0,20.0,35.0,Other
14,Mcdonalds,Crispy Garlic White Cheddar Chicken Sandwich,700,300.0,34.0,9.0,1.315934065934066,85.0,1190,67.0,5.0,11.0,33.0,10.0,15.0,35.0,Other
15,Mcdonalds,Hamburger,250,70.0,8.0,3.0,1.315934065934066,30.0,480,31.0,2.0,6.0,13.0,2.0,2.0,4.0,Other
16,Mcdonalds,Lobster Roll,290,50.0,5.0,1.5,1.315934065934066,65.0,630,35.0,2.0,3.0,24.0,4.0,6.0,15.0,Other
17,Mcdonalds,Maple Bacon Dijon 1/4 lb Burger,640,330.0,36.0,14.0,1.5,110.0,1260,40.0,3.0,10.0,37.0,6.0,15.0,15.0,Other
18,Mcdonalds,Grilled Maple Bacon Dijon Chicken Sandwich,580,190.0,21.0,8.0,1.315934065934066,135.0,1890,50.0,3.0,14.0,48.0,4.0,30.0,30.0,Other
19,Mcdonalds,Crispy Maple Bacon Dijon Chicken Sandwich,740,310.0,35.0,9.0,0.5,95.0,1780,69.0,5.0,14.0,39.0,4.0,20.0,290.0,Other
20,Mcdonalds,McChicken,350,130.0,15.0,3.5,1.315934065934066,40.0,600,40.0,2.0,5.0,15.0,2.0,2.0,4.0,Other
21,Mcdonalds,McDouble,380,160.0,18.0,8.0,1.0,70.0,840,34.0,2.0,7.0,23.0,10.0,2.0,10.0,Other
22,Mcdonalds,McRib,480,200.0,22.0,7.0,1.315934065934066,80.0,870,45.0,2.0,12.0,25.0,2.0,2.0,6.0,Other
23,Mcdonalds,Pico Guacamole 1/4 lb Burger,580,300.0,33.0,12.0,1.5,95.0,920,41.0,4.0,7.0,29.0,8.0,15.0,15.0,Other
24,Mcdonalds,Grilled Pico Guacamole Chicken Sandwich,520,160.0,18.0,6.0,1.315934065934066,115.0,1540,50.0,4.0,12.0,40.0,8.0,25.0,30.0,Other
25,Mcdonalds,Crispy Pico Guacamole Chicken Sandwich,680,280.0,32.0,7.0,1.315934065934066,80.0,1430,69.0,6.0,12.0,31.0,8.0,15.0,30.0,Other
26,Mcdonalds,Premium Buttermilk Crispy Chicken Deluxe Sandwich,570,200.0,23.0,5.0,1.315934065934066,60.0,1050,64.0,4.0,11.0,28.0,4.0,10.0,20.0,Other
27,Mcdonalds,Premium Crispy Chicken Deluxe Sandwich,530,200.0,22.0,4.0,1.315934065934066,45.0,1000,59.0,3.0,13.0,25.0,6.0,10.0,20.0,Other
28,Mcdonalds,Quarter Pounder® with Cheese,530,240.0,27.0,13.0,1.5,100.0,1090,41.0,3.0,10.0,31.0,20.0,6.0,15.0,Other
29,Mcdonalds,Signature Sriracha Burger,670,320.0,35.0,12.0,1.5,95.0,1010,56.0,4.0,13.0,32.0,20.0,15.0,30.0,Other
30,Mcdonalds,Grilled Signature Sriracha Chicken Sandwich,560,180.0,20.0,5.0,1.315934065934066,115.0,1550,56.0,4.0,14.0,41.0,20.0,25.0,30.0,Other
31,Mcdonalds,Crispy Signature Sriracha Chicken Sandwich,730,300.0,33.0,7.0,1.315934065934066,80.0,1430,75.0,5.0,13.0,32.0,20.0,20.0,30.0,Other
32,Mcdonalds,Sweet BBQ Bacon 1/4 lb Burger,690,340.0,37.0,14.0,1.5,110.0,1310,51.0,3.0,14.0,38.0,6.0,15.0,15.0,Other
33,Mcdonalds,Grilled Sweet BBQ Bacon Chicken Sandwich,630,200.0,22.0,7.0,1.315934065934066,135.0,1930,61.0,4.0,18.0,48.0,4.0,30.0,25.0,Other
34,Mcdonalds,Crispy Sweet BBQ Bacon Chicken Sandwich,800,320.0,36.0,9.0,0.5,95.0,1820,80.0,5.0,18.0,39.0,4.0,20.0,30.0,Other
35,Mcdonalds,3 piece Buttermilk Crispy Chicken Tenders,370,190.0,21.0,3.5,1.315934065934066,70.0,910,16.0,4.238289205702648,7.6482617586912065,28.0,20.232142857142858,21.37408082034676,2.0,Other
36,Mcdonalds,4 piece Buttermilk Crispy Chicken Tenders,480,250.0,28.0,4.5,1.315934065934066,95.0,1290,21.0,4.238289205702648,1.0,38.0,20.232142857142858,21.37408082034676,2.0,Other
37,Mcdonalds,6 piece Buttermilk Crispy Chicken Tenders,760,390.0,44.0,8.0,0.5,145.0,1890,32.0,1.0,1.0,58.0,20.232142857142858,21.37408082034676,2.0,Other
38,Mcdonalds,10 piece Buttermilk Crispy Chicken Tenders,1210,630.0,70.0,12.0,1.0,240.0,3230,52.0,1.0,4.0,94.0,20.232142857142858,21.37408082034676,4.0,Other
39,Mcdonalds,12 piece Buttermilk Crispy Chicken Tenders,1510,790.0,88.0,15.0,1.0,295.0,3770,64.0,1.0,2.0,115.0,20.232142857142858,2.0,6.0,Other
40,Mcdonalds,20 piece Buttermilk Crispy Chicken Tenders,2430,1270.0,141.0,24.0,2.0,475.0,6080,103.0,2.0,3.0,186.0,20.232142857142858,2.0,8.0,Other
41,Mcdonalds,4 Piece Chicken McNuggets,180,100.0,11.0,2.0,1.315934065934066,30.0,340,11.0,1.0,7.6482617586912065,10.0,20.232142857142858,2.0,25.096110575377693,Other
42,Mcdonalds,6 Piece Chicken McNuggets,270,140.0,16.0,2.5,1.315934065934066,45.0,510,16.0,1.0,7.6482617586912065,15.0,20.232142857142858,2.0,25.096110575377693,Other
43,Mcdonalds,10 Piece Chicken McNuggets,440,240.0,27.0,4.5,1.315934065934066,75.0,840,26.0,2.0,7.6482617586912065,24.0,20.232142857142858,4.0,2.0,Other
44,Mcdonalds,20 Piece Chicken McNuggets,890,480.0,53.0,9.0,1.315934065934066,145.0,1680,53.0,4.0,7.6482617586912065,49.0,20.232142857142858,8.0,4.0,Other
45,Mcdonalds,40 piece Chicken McNuggets,1770,960.0,107.0,18.0,0.5,295.0,3370,105.0,7.0,1.0,98.0,20.232142857142858,15.0,6.0,Other
46,Mcdonalds,4 piece Sweet N' Spicy Honey BBQ Glazed Tenders,640,240.0,27.0,4.0,1.315934065934066,105.0,1780,63.0,2.0,35.0,39.0,4.0,15.0,4.0,Other
47,Mcdonalds,6 piece Sweet N' Spicy Honey BBQ Glazed Tenders,960,360.0,40.0,6.0,1.315934065934066,160.0,2670,94.0,3.0,52.0,58.0,4.0,25.0,8.0,Other
48,Mcdonalds,10 piece Sweet N' Spicy Honey BBQ Glazed Tenders,1600,600.0,66.0,10.0,1.315934065934066,265.0,4450,156.0,5.0,87.0,97.0,8.0,40.0,10.0,Other
49,Mcdonalds,Premium Asian Salad w/o Chicken,140,70.0,7.0,0.5,1.315934065934066,74.18489065606362,20,13.0,5.0,7.0,7.0,180.0,45.0,10.0,Other
50,Mcdonalds,Premium Asian Salad w/ Grilled Chicken,270,80.0,9.0,1.0,1.315934065934066,80.0,740,18.0,5.0,10.0,31.0,180.0,70.0,10.0,Other
51,Mcdonalds,Premium Asian Salad w/ Crispy Chicken,490,250.0,28.0,8.0,1.315934065934066,95.0,1120,28.0,4.0,4.0,33.0,180.0,60.0,15.0,Other
52,Mcdonalds,Premium Bacon Ranch Salad w/o Chicken,190,110.0,12.0,5.0,1.315934065934066,40.0,660,9.0,3.0,3.0,14.0,180.0,50.0,15.0,Other
53,Mcdonalds,Premium Bacon Ranch Salad w/ Grilled Chicken,320,120.0,14.0,6.0,1.315934065934066,45.0,1230,9.0,3.0,4.0,42.0,180.0,60.0,15.0,Other
54,Mcdonalds,Premium Bacon Ranch Salad w/ Crispy Chicken,490,250.0,28.0,8.0,1.315934065934066,95.0,1120,28.0,4.0,4.0,33.0,180.0,60.0,15.0,Other
55,Mcdonalds,Premium Southwest Salad w/o Chicken,220,90.0,10.0,3.5,1.315934065934066,15.0,500,26.0,6.0,9.0,8.0,180.0,40.0,20.0,Other
56,Mcdonalds,Premium Southwest Salad w/ Grilled Chicken,350,100.0,12.0,4.5,1.315934065934066,110.0,1070,27.0,6.0,9.0,37.0,180.0,50.0,20.0,Other
57,Mcdonalds,Premium Southwest Salad w/ Crispy Chicken,520,230.0,25.0,6.0,1.315934065934066,75.0,960,46.0,8.0,9.0,28.0,180.0,40.0,20.0,Other
58,Chick Fil-A,Chargrilled Chicken Club Sandwich,430,144.0,16.0,8.0,1.315934065934066,85.0,1120,37.0,3.0,7.0,37.0,30.0,40.0,25.0,Other
59,Chick Fil-A,Chargrilled Chicken Sandwich,310,54.0,6.0,2.0,1.315934065934066,55.0,820,36.0,3.0,7.0,29.0,25.0,40.0,10.0,Other
60,Chick Fil-A,Chick-n-Slider,270,99.0,11.0,2.5,1.315934065934066,45.0,800,26.0,1.0,4.0,16.0,18.857142857142858,21.37408082034676,2.0,Other
61,Chick Fil-A,1 Piece Chick-n-Strips,120,54.0,6.0,3.0,1.315934065934066,25.0,320,6.0,4.238289205702648,1.0,11.0,20.232142857142858,21.37408082034676,2.0,Other
62,Chick Fil-A,2 Piece Chick-n-Strips,230,108.0,12.0,3.0,1.315934065934066,55.0,630,13.0,1.0,1.0,22.0,20.232142857142858,2.0,4.0,Other
63,Chick Fil-A,3 Piece Chick-n-Strips,350,153.0,17.0,3.0,1.315934065934066,70.0,940,22.0,1.0,3.0,28.0,2.0,2.0,6.0,Other
64,Chick Fil-A,4 piece Chick-n-Strips,470,207.0,23.0,3.0,1.315934065934066,90.0,1250,29.0,1.0,4.0,37.0,2.0,4.0,8.0,Other
65,Chick Fil-A,Chicken Deluxe,500,207.0,23.0,7.0,1.315934065934066,75.0,1590,42.0,3.0,6.0,31.0,30.0,10.0,20.0,Other
66,Chick Fil-A,4 piece Chicken Nuggets,130,54.0,6.0,1.5,1.315934065934066,40.0,490,5.0,1.0,7.6482617586912065,14.0,20.232142857142858,2.0,2.0,Other
67,Chick Fil-A,6 piece Chicken Nuggets,190,81.0,9.0,1.5,1.315934065934066,55.0,730,7.0,1.0,7.6482617586912065,21.0,20.232142857142858,4.0,2.0,Other
68,Chick Fil-A,8 piece Chicken Nuggets,260,110.0,12.0,3.0,1.315934065934066,70.0,990,9.0,1.0,1.0,28.0,20.232142857142858,2.0,4.0,Other
69,Chick Fil-A,12 piece Chicken Nuggets,390,162.0,18.0,1.5,1.315934065934066,115.0,1460,14.0,2.0,1.0,41.0,20.232142857142858,8.0,4.0,Other
70,Chick Fil-A,30 piece Chicken Nuggets,970,414.0,46.0,2.5,1.315934065934066,285.0,3660,35.0,4.0,1.0,103.0,18.857142857142858,20.0,10.0,Other
71,Chick Fil-A,Chicken Salad Sandwich,490,170.0,19.0,3.0,1.315934065934066,80.0,1130,55.0,5.0,12.0,28.0,35.0,8.0,15.0,Other
72,Chick Fil-A,Chicken Sandwich,440,171.0,19.0,4.0,1.315934065934066,60.0,1350,40.0,2.0,5.0,28.0,2.0,4.0,15.0,Other
73,Chick Fil-A,4 Piece Grilled Chicken Nuggets,70,18.0,2.0,1.0,1.315934065934066,35.0,220,1.0,4.238289205702648,7.6482617586912065,13.0,20.232142857142858,6.0,25.096110575377693,Other
74,Chick Fil-A,6 Piece Grilled Chicken Nuggets,110,27.0,3.0,1.0,1.315934065934066,50.0,330,2.0,4.238289205702648,7.6482617586912065,19.0,20.232142857142858,8.0,25.096110575377693,Other
75,Chick Fil-A,8 piece Grilled Chicken Nuggets,140,36.0,4.0,1.0,1.315934065934066,70.0,440,2.0,4.238289205702648,7.6482617586912065,25.0,20.232142857142858,10.0,2.0,Other
76,Chick Fil-A,12 Piece Grilled Chicken Nuggets,210,45.0,5.0,1.0,1.315934065934066,100.0,670,3.0,4.238289205702648,1.0,38.0,20.232142857142858,20.0,2.0,Other
77,Chick Fil-A,Spicy Grilled Chicken Sub Sandwich,430,108.0,12.0,4.5,1.315934065934066,85.0,1310,47.0,5.0,9.0,33.0,18.857142857142858,25.0,25.0,Other
78,Chick Fil-A,Regular Grilled Chicken Sub Sandwich,450,117.0,13.0,6.0,1.315934065934066,75.0,1000,48.0,4.0,10.0,34.0,18.857142857142858,50.0,25.0,Other
79,Chick Fil-A,Smokehouse BBQ Bacon Sandwich,500,162.0,18.0,8.233333333333333,1.315934065934066,95.0,1200,46.0,2.0,10.0,33.0,45.0,40.0,20.0,Other
80,Chick Fil-A,Spicy Chicken Sandwich,450,171.0,19.0,4.0,1.315934065934066,60.0,1620,41.0,1.0,5.0,29.0,4.0,2.0,15.0,Other
81,Chick Fil-A,Spicy Deluxe,540,225.0,25.0,8.0,1.315934065934066,80.0,1760,43.0,2.0,6.0,34.0,30.0,10.0,30.0,Other
82,Chick Fil-A,Chargrilled Chicken Cool Wrap,350,126.0,14.0,5.0,1.315934065934066,60.0,960,29.0,15.0,3.0,37.0,60.0,35.0,35.0,Other
83,Chick Fil-A,Chicken Enchiladas Meal Kit,860,423.0,47.0,16.0,1.0,100.0,2520,70.0,,8.0,39.0,18.857142857142858,20.17049180327869,24.852459016393443,Other
84,Chick Fil-A,Chicken Parmesan Meal Kit,720,279.0,31.0,15.0,1.315934065934066,120.0,1780,65.0,,7.0,48.0,18.857142857142858,20.17049180327869,24.852459016393443,Other
85,Sonic,Hatch Green Chile Cheeseburger,710,380.0,43.0,17.0,2.0,120.0,1120,44.0,2.0,7.0,35.0,10.0,25.0,30.0,Other
86,Sonic,Jalapeno Burger,640,330.0,37.0,14.0,2.0,100.0,930,42.0,2.0,6.0,31.0,4.0,2.0,20.0,Other
87,Sonic,Jr. Burger,340,150.0,17.0,6.0,1.0,35.0,640,34.0,1.0,6.0,15.0,2.0,4.0,6.0,Other
88,Sonic,Jr. Chili Cheeseburger,410,220.0,24.0,9.0,0.5,55.0,730,32.0,1.0,4.0,20.0,7.0,1.0,15.0,Other
89,Sonic,Jr. Deluxe Burger,380,200.0,23.0,6.0,1.0,40.0,470,32.0,1.0,4.0,15.0,2.0,4.0,6.0,Other
90,Sonic,Jr. Deluxe Cheeseburger,450,250.0,28.0,9.0,1.0,60.0,800,33.0,1.0,4.0,19.0,6.0,4.0,15.0,Other
91,Sonic,Jr. Double Cheeseburger,600,350.0,38.0,16.0,2.0,110.0,1350,35.0,1.0,7.0,31.0,15.0,4.0,25.0,Other
92,Sonic,Sonic Bacon Cheeseburger (w/mayo),870,530.0,59.0,20.0,2.0,140.0,1350,45.0,2.0,7.0,39.0,10.0,8.0,30.0,Other
93,Sonic,Sonic Burger W/ Mustard,640,330.0,37.0,14.0,2.0,100.0,790,43.0,2.0,7.0,31.0,6.0,8.0,20.0,Other
94,Sonic,Sonic Burger W/ Ketchup,650,340.0,37.0,14.0,2.0,100.0,860,46.0,2.0,10.0,32.0,8.0,10.0,20.0,Other
95,Sonic,Sonic Burger W/ Mayonnaise,740,430.0,48.0,15.0,2.0,110.0,760,44.0,2.0,7.0,31.0,6.0,8.0,20.0,Other
96,Sonic,Sonic Cheeseburger W/ Mustard,710,380.0,43.0,17.0,2.0,120.0,1120,43.0,2.0,7.0,35.0,10.0,8.0,30.0,Other
97,Sonic,Sonic Cheeseburger W/ Ketchup,720,380.0,43.0,17.0,2.0,120.0,1190,47.0,2.0,10.0,35.0,15.0,10.0,30.0,Other
98,Sonic,Sonic Cheeseburger W/ Mayonnaise,800,480.0,54.0,18.0,2.0,130.0,1090,44.0,2.0,7.0,35.0,10.0,8.0,30.0,Other
99,Sonic,Super Sonic Bacon Double Cheeseburger (w/mayo),1280,830.0,92.0,36.0,4.0,260.0,1630,44.0,2.0,7.0,67.0,15.0,6.0,40.0,Other
100,Sonic,Super Sonic Double Cheeseburger W/ Mustard,1120,680.0,76.0,32.0,4.0,235.0,1550,44.0,2.0,8.0,63.0,15.0,8.0,40.0,Other
101,Sonic,Super Sonic Double Cheeseburger W/ Ketchup,1130,680.0,76.0,32.0,4.0,235.0,1620,47.0,2.0,11.0,63.0,20.0,10.0,40.0,Other
102,Sonic,Super Sonic Double Cheeseburger W/ Mayo,1220,780.0,87.0,34.0,4.0,245.0,1520,45.0,2.0,8.0,63.0,15.0,8.0,40.0,Other
103,Sonic,Super Sonic Jalapeno Double Cheeseburger,1120,680.0,76.0,32.0,4.0,235.0,1690,43.0,2.0,7.0,63.0,15.0,2.0,40.0,Other
104,Sonic,Veggie Burger W/ Ketchup,450,130.0,14.0,4.0,1.315934065934066,10.0,1410,67.0,5.0,11.0,15.0,6.0,8.0,25.0,Other
105,Sonic,Veggie Burger With Mustard,450,130.0,14.0,4.0,1.315934065934066,10.0,1350,64.0,5.0,8.0,15.0,6.0,8.0,27.0,Other
106,Sonic,Veggie Burger W/ Mustard,450,130.0,14.0,4.0,1.315934065934066,10.0,1300,64.0,5.0,8.0,15.0,6.0,8.0,25.0,Other
107,Sonic,Grilled Asiago Caesar Chicken Club Sandwich,610,270.0,30.0,7.0,1.315934065934066,110.0,1570,44.0,3.0,8.0,40.0,11.0,20.0,16.0,Other
108,Sonic,Crispy Asiago Caesar Chicken Club Sandwich,680,350.0,39.0,9.0,1.315934065934066,80.0,1120,53.0,4.0,7.0,31.0,11.0,7.0,16.0,Other
109,Sonic,Grilled Chicken Sandwich,430,180.0,20.0,4.0,1.315934065934066,80.0,940,33.0,2.0,6.0,28.0,6.0,8.0,10.0,Other
110,Sonic,Crispy Chicken Sandwich,570,300.0,33.0,5.0,1.315934065934066,45.0,1060,47.0,4.0,6.0,23.0,6.0,8.0,10.0,Other
111,Sonic,Chicken Strip Sandwich,450,220.0,24.0,4.0,1.315934065934066,35.0,740,43.0,1.0,4.0,19.0,20.232142857142858,21.37408082034676,4.0,Other
112,Sonic,3 Piece Crispy Chicken Tender Dinner,280,130.0,14.0,2.5,1.315934065934066,74.18489065606362,800,16.0,4.238289205702648,7.6482617586912065,22.0,18.857142857142858,20.17049180327869,24.852459016393443,Other
113,Sonic,5 Piece Crispy Chicken Tender Dinner,470,220.0,24.0,4.5,1.315934065934066,74.18489065606362,1340,26.0,4.238289205702648,7.6482617586912065,37.0,18.857142857142858,20.17049180327869,24.852459016393443,Other
114,Sonic,Deluxe Ultimate Chicken Sandwich,740,350.0,39.0,8.0,1.315934065934066,90.0,1550,63.0,4.0,12.0,33.0,10.0,8.0,15.0,Other
115,Sonic,Buffalo Dunked Ultimate Chicken Sandwich,1000,550.0,61.0,12.0,0.5,125.0,4520,70.0,5.0,12.0,23.0,18.857142857142858,20.17049180327869,24.852459016393443,Other
116,Sonic,Garlic Parmesan Dunked Ultimate Chicken Sandwich,1350,900.0,100.0,17.0,1.315934065934066,190.0,2180,69.0,4.0,10.0,23.0,18.857142857142858,20.17049180327869,24.852459016393443,Other
117,Sonic,Small Jumbo Popcorn Chicken,380,190.0,22.0,4.0,1.315934065934066,45.0,1250,27.0,3.0,1.0,18.0,20.232142857142858,21.37408082034676,2.0,Other
118,Sonic,Large Jumbo Popcorn Chicken,560,290.0,32.0,6.0,1.0,65.0,1890,41.0,5.0,2.0,27.0,20.232142857142858,21.37408082034676,4.0,Other
119,Sonic,Small Spicy Jumbo Popcorn Chicken,350,150.0,17.0,3.0,1.315934065934066,45.0,860,30.0,2.0,7.6482617586912065,21.0,10.0,21.37408082034676,2.0,Other
120,Sonic,Large Spicy Jumbo Popcorn Chicken,610,270.0,30.0,5.0,1.315934065934066,80.0,1500,51.0,3.0,7.6482617586912065,36.0,17.0,21.37408082034676,3.0,Other
121,Sonic,3 Piece Super Crunch Chicken Strip Dinner,970,410.0,46.0,8.0,1.0,55.0,2160,109.0,7.0,9.0,30.0,1.0,6.0,13.0,Other
122,Sonic,4 Piece Super Crunch Chicken Strip Dinner,1080,460.0,51.0,9.0,1.0,75.0,2390,118.0,8.0,9.0,37.0,1.0,7.0,13.0,Other
123,Sonic,5 Piece Super Crunch Chicken Strip Dinner,1190,510.0,57.0,10.0,1.0,90.0,2610,126.0,8.0,9.0,44.0,2.0,8.0,14.0,Other
124,Sonic,3 Piece Super Crunch Chicken Strips,330,140.0,16.0,3.0,1.315934065934066,55.0,670,25.0,2.0,7.6482617586912065,22.0,1.0,2.0,1.0,Other
125,Sonic,4 Piece Super Crunch Chicken Strips,440,190.0,21.0,4.0,1.315934065934066,70.0,900,34.0,2.0,1.0,29.0,1.0,2.0,1.0,Other
126,Sonic,5 Piece Super Crunch Chicken Strips,550,240.0,26.0,5.0,1.315934065934066,90.0,1120,42.0,3.0,1.0,36.0,1.0,3.0,2.0,Other
127,Sonic,Traditional Ultimate Chicken Sandwich,730,350.0,39.0,8.0,1.315934065934066,90.0,1540,62.0,3.0,11.0,32.0,4.0,2.0,15.0,Other
128,Sonic,Ultimate Chicken Club,100,580.0,64.0,15.0,0.5,100.0,2070,65.0,4.0,12.0,39.0,15.0,8.0,30.0,Other
129,Sonic,"All Beef All-american Style Dog – 6""",370,160.0,18.0,7.0,1.315934065934066,40.0,1180,40.0,1.0,15.0,12.0,2.0,4.0,8.0,Other
130,Sonic,"All Beef Chicago Dog – 6""",430,180.0,20.0,7.0,1.315934065934066,40.0,2310,49.0,1.0,17.0,14.0,4.0,6.0,10.0,Other
131,Sonic,"All Beef Chili Cheese Coney – 6""",410,230.0,26.0,11.0,1.315934065934066,65.0,1140,30.0,2.0,4.0,17.0,10.0,2.0,20.0,Other
132,Sonic,"All Beef New York Dog – 6""",340,170.0,19.0,7.0,1.315934065934066,40.0,1250,30.0,3.0,4.0,13.0,2.0,10.0,8.0,Other
133,Sonic,"All Beef Regular Hot Dog – 6""",320,160.0,18.0,7.0,1.315934065934066,40.0,870,27.0,1.0,3.0,11.0,20.232142857142858,2.0,8.0,Other
134,Sonic,Cheesy Bacon Pretzel Dog - 6 In.,500,240.0,26.0,10.0,1.315934065934066,50.0,1410,46.0,2.0,7.0,15.0,1.0,3.0,8.0,Other
135,Sonic,Corn Dog,210,100.0,11.0,4.0,1.315934065934066,20.0,530,23.0,2.0,4.0,6.0,20.232142857142858,21.37408082034676,4.0,Other
136,Sonic,Footlong Quarter Pound Coney,830,490.0,54.0,22.0,1.0,85.0,1940,54.0,3.0,9.0,30.0,15.0,4.0,30.0,Other
137,Sonic,The Original Pretzel Dog,320,160.0,18.0,7.0,1.315934065934066,35.0,910,27.0,1.0,2.0,11.0,20.232142857142858,21.37408082034676,4.0,Other
138,Arbys,Arby's Melt,330,100.0,11.0,4.0,1.315934065934066,30.0,920,40.0,2.0,5.0,18.0,2.0,21.37408082034676,8.0,Other
139,Arbys,Arby-Q Sandwich,400,90.0,10.0,3.0,1.315934065934066,30.0,1230,58.0,3.0,23.0,18.0,4.0,10.0,10.0,Other
140,Arbys,Beef 'n Cheddar Classic,450,180.0,20.0,6.0,1.0,50.0,1280,45.0,2.0,9.0,23.0,2.0,2.0,15.0,Other
141,Arbys,Beef 'n Cheddar Mid,630,290.0,32.0,11.0,1.5,100.0,2100,48.0,2.0,9.0,39.0,2.0,2.0,15.0,Other
142,Arbys,Bourbon BBQ Brisket Sandwich,650,300.0,33.0,12.0,1.0,105.0,1460,51.0,2.0,15.0,38.0,18.857142857142858,20.17049180327869,24.852459016393443,Other
143,Arbys,Bourbon BBQ Chicken Sandwich,690,280.0,31.0,9.0,1.315934065934066,90.0,1990,66.0,3.0,16.0,38.0,18.857142857142858,20.17049180327869,24.852459016393443,Other
144,Arbys,Bourbon BBQ Steak Sandwich,690,280.0,31.0,9.0,1.315934065934066,90.0,1990,66.0,3.0,16.0,38.0,18.857142857142858,20.17049180327869,24.852459016393443,Other
145,Arbys,Buttermilk Buffalo Chicken Sandwich,540,220.0,24.0,4.5,1.315934065934066,60.0,2110,53.0,2.0,6.0,29.0,18.857142857142858,20.17049180327869,24.852459016393443,Other
146,Arbys,Buttermilk Chicken Bacon & Swiss,650,280.0,31.0,9.0,1.315934065934066,90.0,1750,56.0,2.0,9.0,39.0,18.857142857142858,20.17049180327869,24.852459016393443,Other
147,Arbys,Buttermilk Chicken Cordon Bleu Sandwich,690,310.0,35.0,10.0,1.315934065934066,110.0,2000,53.0,1.0,7.0,41.0,18.857142857142858,20.17049180327869,24.852459016393443,Other
148,Arbys,Buttermilk Crispy Chicken Sandwich,550,230.0,26.0,4.5,1.315934065934066,60.0,1480,52.0,2.0,6.0,29.0,18.857142857142858,20.17049180327869,24.852459016393443,Other
149,Arbys,Classic French Dip & Swiss/Au Jus,540,210.0,23.0,11.0,1.0,85.0,2500,50.0,2.0,3.0,35.0,2.0,8.0,15.0,Other
150,Arbys,Classic Roast Beef,360,120.0,14.0,5.0,0.5,50.0,970,37.0,2.0,5.0,23.0,20.232142857142858,21.37408082034676,6.0,Other
151,Arbys,Double Roast Beef,510,210.0,24.0,9.0,1.5,95.0,1610,38.0,2.0,5.0,38.0,20.232142857142858,21.37408082034676,6.0,Other
152,Arbys,Fire-Roasted Philly Steak,640,290.0,32.0,11.0,0.5,105.0,1950,46.0,3.0,4.0,42.0,18.857142857142858,20.17049180327869,24.852459016393443,Other
153,Arbys,Grand Turkey Club,480,220.0,24.0,7.0,1.315934065934066,65.0,1610,37.0,2.0,9.0,30.0,15.0,10.0,15.0,Other
154,Arbys,Greek Gyro,710,390.0,44.0,13.0,1.315934065934066,75.0,1360,55.0,4.0,6.0,23.0,18.857142857142858,20.17049180327869,24.852459016393443,Other
155,Arbys,Half Pound Beef 'n Cheddar Sandwich,740,350.0,39.0,14.0,2.0,130.0,2530,48.0,2.0,9.0,49.0,18.857142857142858,20.17049180327869,24.852459016393443,Other
156,Arbys,Half Pound French Dip & Swiss,750,330.0,36.0,17.0,2.0,150.0,3350,51.0,2.0,3.0,55.0,18.857142857142858,20.17049180327869,24.852459016393443,Other
157,Arbys,Half Pound Roast Beef Sandwich,610,270.0,30.0,12.0,2.0,130.0,2040,38.0,2.0,5.0,48.0,18.857142857142858,20.17049180327869,24.852459016393443,Other
158,Arbys,Ham & Swiss Melt,300,80.0,9.0,4.0,1.315934065934066,35.0,1030,37.0,2.0,6.0,18.0,2.0,21.37408082034676,15.0,Other
159,Arbys,Loaded Italian Sandwich,680,360.0,40.0,14.0,0.5,100.0,2270,49.0,3.0,7.0,32.0,18.857142857142858,20.17049180327869,24.852459016393443,Other
160,Arbys,Pecan Chicken Salad Flatbread,710,410.0,46.0,7.0,0.5,65.0,980,53.0,4.0,9.0,22.0,18.857142857142858,20.17049180327869,24.852459016393443,Other
161,Arbys,Pecan Chicken Salad Sandwich,840,400.0,44.0,6.0,0.5,75.0,1210,81.0,6.0,20.0,33.0,10.0,8.0,25.0,Other
162,Arbys,2 piece Prime-Cut Chicken Tenders,240,100.0,11.0,1.5,1.315934065934066,30.0,640,19.0,1.0,7.6482617586912065,16.0,20.232142857142858,21.37408082034676,2.0,Other
163,Arbys,3 piece Prime-Cut Chicken Tenders,360,150.0,17.0,2.5,1.315934065934066,45.0,950,28.0,2.0,7.6482617586912065,23.0,20.232142857142858,4.0,2.0,Other
164,Arbys,5 piece Prime-Cut Chicken Tenders,600,250.0,28.0,4.0,1.315934065934066,75.0,1590,47.0,3.0,7.6482617586912065,39.0,20.232142857142858,8.0,2.0,Other
165,Arbys,Reuben Sandwich,680,280.0,31.0,8.0,0.5,80.0,2420,62.0,4.0,5.0,37.0,6.0,20.0,35.0,Other
166,Arbys,Roast Beef Gyro,550,260.0,29.0,7.0,1.0,60.0,1290,48.0,3.0,5.0,24.0,10.0,15.0,10.0,Other
167,Arbys,Roast Turkey & Swiss Sandwich,710,260.0,28.0,7.0,1.315934065934066,65.0,1930,79.0,5.0,15.0,38.0,20.0,10.0,45.0,Other
168,Arbys,Roast Turkey & Swiss Wrap,520,240.0,27.0,9.0,1.315934065934066,65.0,1640,39.0,4.0,6.0,30.0,20.0,10.0,35.0,Other
169,Arbys,"Roast Turkey, Ranch & Bacon Sandwich",800,310.0,34.0,10.0,0.5,80.0,2420,79.0,5.0,16.0,45.0,20.0,10.0,45.0,Other
170,Arbys,"Roast Turkey, Ranch & Bacon Wrap",620,310.0,34.0,11.0,0.5,85.0,2130,39.0,4.0,6.0,37.0,20.0,10.0,30.0,Other
171,Arbys,Smoke Mountain w/ Beef Short Rib,740,320.0,35.0,13.0,1.0,125.0,2050,62.0,4.0,17.0,43.0,18.857142857142858,20.17049180327869,24.852459016393443,Other
172,Arbys,Smokehouse Beef Short Rib Sandwich,590,250.0,59.0,10.0,1.0,75.0,1510,59.0,4.0,14.0,26.0,18.857142857142858,20.17049180327869,24.852459016393443,Other
173,Arbys,Smokehouse Brisket,600,310.0,35.0,12.0,1.0,110.0,1240,42.0,2.0,7.0,33.0,4.0,8.0,20.0,Other
174,Arbys,Super Roast Beef,430,160.0,17.0,5.0,1.0,45.0,1060,45.0,3.0,11.0,23.0,10.0,10.0,8.0,Other
175,Arbys,Three Cheese Steak Sandwich,650,320.0,36.0,15.0,1.0,115.0,1760,44.0,2.0,9.0,30.0,18.857142857142858,20.17049180327869,24.852459016393443,Other
176,Arbys,Triple Decker Sandwich,1030,459.0,51.0,17.0,1.0,155.0,2940,83.0,5.0,19.0,62.0,18.857142857142858,20.17049180327869,24.852459016393443,Other
177,Arbys,Turkey Avocado Club,730,252.0,28.0,6.0,1.315934065934066,65.0,2140,80.0,6.0,16.0,41.0,18.857142857142858,20.17049180327869,24.852459016393443,Other
178,Arbys,Turkey Gyro,470,180.0,20.0,3.5,1.315934065934066,45.0,1520,48.0,3.0,5.0,25.0,10.0,15.0,10.0,Other
179,Arbys,Ultimate BLT,980,495.0,55.0,14.0,1.315934065934066,85.0,2130,80.0,6.0,19.0,43.0,18.857142857142858,20.17049180327869,24.852459016393443,Other
180,Arbys,Buffalo Chicken Slider,290,120.0,13.0,2.0,1.315934065934066,20.0,860,31.0,2.0,2.0,12.0,18.857142857142858,20.17049180327869,24.852459016393443,Other
181,Arbys,Chicken Tender 'n Cheese Slider,290,110.0,12.0,3.5,1.315934065934066,25.0,720,30.0,1.0,1.0,15.0,18.857142857142858,20.17049180327869,24.852459016393443,Other
182,Arbys,Corned Beef 'n Cheese Slider,220,80.0,9.0,3.5,1.315934065934066,30.0,890,21.0,1.0,1.0,14.0,18.857142857142858,20.17049180327869,24.852459016393443,Other
183,Arbys,Ham 'n Cheese Slider,210,70.0,8.0,3.0,1.315934065934066,25.0,780,21.0,1.0,2.0,13.0,18.857142857142858,20.17049180327869,24.852459016393443,Other
184,Arbys,Jalapeno Roast Beef 'n Cheese Slider,240,90.0,11.0,4.5,1.315934065934066,30.0,670,21.0,1.0,1.0,14.0,18.857142857142858,20.17049180327869,24.852459016393443,Other
185,Arbys,Pizza Slider,300,150.0,17.0,6.0,1.315934065934066,35.0,930,23.0,1.0,2.0,13.0,18.857142857142858,20.17049180327869,24.852459016393443,Other
186,Arbys,Roast Beef 'n Cheese Slider,240,90.0,11.0,4.5,1.315934065934066,30.0,670,21.0,1.0,1.0,14.0,18.857142857142858,20.17049180327869,24.852459016393443,Other
187,Arbys,Turkey 'n Cheese Slider,200,60.0,7.0,2.5,1.315934065934066,25.0,760,21.0,1.0,2.0,14.0,18.857142857142858,20.17049180327869,24.852459016393443,Other
188,Arbys,Chopped Side Salad,70,45.0,5.0,2.5,1.315934065934066,15.0,100,4.0,1.0,2.0,5.0,35.0,10.0,10.0,Other
189,Arbys,Crispy Chicken Farmhouse Salad,430,220.0,24.0,8.0,1.315934065934066,65.0,1000,26.0,4.0,4.0,28.0,60.0,20.0,25.0,Other
190,Arbys,Greek Gyro Salad,420,340.0,37.0,9.0,1.315934065934066,55.0,700,11.0,2.0,4.0,10.0,18.857142857142858,20.17049180327869,24.852459016393443,Other
191,Arbys,Roast Turkey Farmhouse Salad,230,120.0,13.0,7.0,1.315934065934066,55.0,870,8.0,2.0,5.0,22.0,60.0,20.0,25.0,Other
192,Arbys,Super Greek Salad,720,480.0,53.0,15.0,1.315934065934066,85.0,1310,39.0,5.0,7.0,22.0,18.857142857142858,20.17049180327869,24.852459016393443,Other
193,Burger King,American Brewhouse King,1550,1134.0,126.0,47.0,8.0,805.0,1820,21.0,3.0,7.0,134.0,18.857142857142858,20.17049180327869,24.852459016393443,Other
194,Burger King,Bacon & Swiss Sourdough King,1000,585.0,65.0,24.0,3.0,200.0,1320,48.0,2.0,8.0,56.0,18.857142857142858,20.17049180327869,24.852459016393443,Other
195,Burger King,Bacon Cheeseburger,330,140.0,16.0,7.0,1.315934065934066,55.0,830,32.0,1.0,7.0,18.0,18.857142857142858,20.17049180327869,24.852459016393443,Other
196,Burger King,Bacon Cheeseburger Deluxe,290,120.0,14.0,6.0,0.5,40.0,720,28.0,1.0,7.0,12.0,18.857142857142858,20.17049180327869,24.852459016393443,Other
197,Burger King,Bacon King,1040,630.0,48.0,28.0,2.5,220.0,1900,48.0,1.0,10.0,57.0,18.857142857142858,20.17049180327869,24.852459016393443,Other
198,Burger King,Bacon King Jr,730,351.0,39.0,9.0,1.315934065934066,90.0,1930,63.0,4.238289205702648,16.0,32.0,18.857142857142858,20.17049180327869,24.852459016393443,Other
199,Burger King,BBQ Bacon King,1100,675.0,75.0,29.0,3.0,220.0,1850,51.0,,13.0,57.0,18.857142857142858,20.17049180327869,24.852459016393443,Other
200,Burger King,Cheeseburger,300,130.0,14.0,6.0,1.315934065934066,45.0,710,28.0,1.0,6.0,16.0,18.857142857142858,20.17049180327869,24.852459016393443,Other
201,Burger King,Double Bacon Cheeseburger,520,280.0,31.0,14.0,1.0,105.0,1180,33.0,1.0,8.0,31.0,18.857142857142858,20.17049180327869,24.852459016393443,Other
202,Burger King,Double Cheeseburger,450,230.0,26.0,12.0,1.0,95.0,960,29.0,1.0,6.0,26.0,18.857142857142858,20.17049180327869,24.852459016393443,Other
203,Burger King,Double Hamburger,360,160.0,18.0,8.0,1.315934065934066,70.0,520,28.0,1.0,6.0,22.0,18.857142857142858,20.17049180327869,24.852459016393443,Other
204,Burger King,Double Quarter Pound King,900,486.0,54.0,25.0,3.0,210.0,1740,50.0,2.0,11.0,56.0,18.857142857142858,20.17049180327869,24.852459016393443,Other
205,Burger King,Extra Long Cheeseburger,580,300.0,33.0,13.0,1.5,85.0,1030,45.0,2.0,9.0,26.0,18.857142857142858,20.17049180327869,24.852459016393443,Other
206,Burger King,Farmhouse King,1220,720.0,80.0,28.0,3.0,335.0,2050,62.0,,15.0,,18.857142857142858,20.17049180327869,24.852459016393443,Other
207,Burger King,Hamburger,260,90.0,10.0,4.0,1.315934065934066,35.0,490,28.0,1.0,6.0,13.0,18.857142857142858,20.17049180327869,24.852459016393443,Other
208,Burger King,Homestyle Cheeseburger,550,250.0,27.0,12.0,1.5,95.0,1140,48.0,2.0,10.0,30.0,18.857142857142858,20.17049180327869,24.852459016393443,Other
209,Burger King,Jalapeno King Sandwich,990,585.0,65.0,24.0,3.0,205.0,1550,46.0,2.0,7.0,55.0,18.857142857142858,20.17049180327869,24.852459016393443,Other
210,Burger King,Mushroom & Swiss King,940,567.0,63.0,21.0,2.5,175.0,1380,45.0,,8.0,49.0,18.857142857142858,20.17049180327869,24.852459016393443,Other
211,Burger King,Rodeo Burger,310,110.0,13.0,4.0,0.5,25.0,450,38.0,1.0,9.0,9.0,18.857142857142858,20.17049180327869,24.852459016393443,Other
212,Burger King,Rodeo King,1250,738.0,82.0,31.0,3.5,230.0,2270,69.0,3.0,14.0,60.0,18.857142857142858,20.17049180327869,24.852459016393443,Other
213,Burger King,Sourdough King Single,730,387.0,43.0,16.0,1.5,125.0,1570,52.0,2.0,12.0,35.0,18.857142857142858,20.17049180327869,24.852459016393443,Other
214,Burger King,Sourdough King Double,970,549.0,61.0,24.0,3.0,205.0,1640,52.0,2.0,12.0,55.0,18.857142857142858,20.17049180327869,24.852459016393443,Other
215,Burger King,Steakhouse King,1100,666.0,74.0,24.0,1.0,180.0,1620,59.0,,13.0,50.0,18.857142857142858,20.17049180327869,24.852459016393443,Other
216,Burger King,Bacon & Cheese Whopper,770,432.0,48.0,16.0,2.0,95.0,1360,47.0,2.0,9.0,29.0,18.857142857142858,20.17049180327869,24.852459016393443,Other
217,Burger King,DOUBLE WHOPPER w/o Cheese,900,510.0,57.0,19.0,2.0,140.0,1050,51.0,3.0,11.0,47.0,18.857142857142858,20.17049180327869,24.852459016393443,Other
218,Burger King,DOUBLE WHOPPER w/ Cheese,990,580.0,65.0,24.0,2.0,160.0,1480,53.0,3.0,11.0,52.0,18.857142857142858,20.17049180327869,24.852459016393443,Other
219,Burger King,WHOPPER w/o Cheese,660,360.0,40.0,12.0,1.5,90.0,980,49.0,2.0,11.0,28.0,18.857142857142858,20.17049180327869,24.852459016393443,Other
220,Burger King,WHOPPER w/ Cheese,760,430.0,47.0,16.0,1.0,100.0,1410,53.0,3.0,11.0,33.0,18.857142857142858,20.17049180327869,24.852459016393443,Other
221,Burger King,WHOPPER JR. w/o Cheese,340,170.0,19.0,5.0,1.315934065934066,40.0,510,28.0,2.0,6.0,14.0,18.857142857142858,20.17049180327869,24.852459016393443,Other
222,Burger King,WHOPPER JR. w/ Cheese,380,210.0,23.0,8.0,1.0,55.0,730,29.0,2.0,6.0,16.0,18.857142857142858,20.17049180327869,24.852459016393443,Other
223,Burger King,Bacon Cheddar Ranch Chicken Salad w/ grilled Chicken & Dressing,590,360.0,40.0,12.0,1.315934065934066,150.0,1540,18.0,3.0,6.0,42.0,18.857142857142858,20.17049180327869,24.852459016393443,Other
224,Burger King,Bacon Cheddar Ranch Chicken Salad w/ crispy Chicken & Dressing,720,450.0,50.0,13.0,1.315934065934066,120.0,1960,32.0,5.0,7.0,36.0,18.857142857142858,20.17049180327869,24.852459016393443,Other
225,Burger King,Chicken BLT Salad w/ Grilled Chicken,550,330.0,37.0,10.0,1.315934065934066,115.0,1640,17.0,3.0,5.0,36.0,18.857142857142858,20.17049180327869,24.852459016393443,Other
226,Burger King,Chicken BLT Salad w/ Crispy Chicken,690,430.0,48.0,12.0,1.0,100.0,1750,31.0,4.0,8.0,35.0,18.857142857142858,20.17049180327869,24.852459016393443,Other
227,Burger King,Chicken Caesar Salad w/ Grilled Chicken,530,290.0,32.0,5.0,1.315934065934066,95.0,1640,26.0,3.0,6.0,35.0,18.857142857142858,20.17049180327869,24.852459016393443,Other
228,Burger King,Chicken Caesar Salad w/ Crispy Chicken,670,380.0,43.0,7.0,1.315934065934066,80.0,1760,40.0,5.0,8.0,34.0,18.857142857142858,20.17049180327869,24.852459016393443,Other
229,Burger King,"Chicken, Apple & Cranberry Salad w/ Grilled Chicken",560,270.0,30.0,7.0,1.315934065934066,90.0,980,40.0,4.0,34.0,29.0,18.857142857142858,20.17049180327869,24.852459016393443,Other
230,Burger King,"Chicken, Apple & Cranberry Salad w/ Crispy Chicken",700,370.0,41.0,9.0,1.315934065934066,80.0,1090,54.0,5.0,37.0,28.0,18.857142857142858,20.17049180327869,24.852459016393443,Other
231,Burger King,"Garden Grilled Chicken Salad w/ Grilled Chicken, no dressing",320,120.0,14.0,6.0,1.315934065934066,115.0,650,16.0,2.0,4.0,36.0,18.857142857142858,20.17049180327869,24.852459016393443,Other
232,Burger King,"Garden Grilled Chicken Salad w/ Crispy Chicken, no dressing",450,220.0,24.0,7.0,1.315934065934066,85.0,1070,30.0,5.0,6.0,29.0,18.857142857142858,20.17049180327869,24.852459016393443,Other
233,Burger King,Side Caesar Salad with dressing,220,180.0,20.0,4.0,1.315934065934066,10.0,540,7.0,2.0,3.0,6.0,18.857142857142858,20.17049180327869,24.852459016393443,Other
234,Burger King,Side Garden Salad and Avocado Ranch Dressing,230,190.0,21.0,5.0,1.315934065934066,30.0,520,7.0,2.0,3.0,5.0,18.857142857142858,20.17049180327869,24.852459016393443,Other
235,Burger King,Bacon Cheddar Ranch Crispy Chicken Sandwich,830,468.0,52.0,14.0,0.5,110.0,2100,57.0,,9.0,34.0,18.857142857142858,20.17049180327869,24.852459016393443,Other
236,Burger King,BBQ Bacon Crispy Chicken Sandwich,440,243.0,27.0,4.5,1.315934065934066,15.0,630,44.0,,13.0,7.0,18.857142857142858,20.17049180327869,24.852459016393443,Other
237,Burger King,Big Fish Sandwich,530,250.0,27.0,4.5,1.315934065934066,30.0,1360,54.0,2.0,7.0,17.0,18.857142857142858,20.17049180327869,24.852459016393443,Other
238,Burger King,BK VEGGIE Burger,410,150.0,16.0,3.0,1.315934065934066,5.0,1030,44.0,7.0,8.0,22.0,18.857142857142858,20.17049180327869,24.852459016393443,Other
239,Burger King,Chicken Burger,480,220.0,25.0,2.5,1.315934065934066,5.0,1160,42.0,2.0,10.0,22.0,18.857142857142858,20.17049180327869,24.852459016393443,Other
240,Burger King,Chicken Cordon Bleu Sandwich,730,351.0,39.0,9.0,1.315934065934066,90.0,1930,63.0,,16.0,32.0,18.857142857142858,20.17049180327869,24.852459016393443,Other
241,Burger King,Chicken Fries,290,150.0,17.0,3.0,1.5,40.0,780,18.0,1.0,1.0,16.0,18.857142857142858,20.17049180327869,24.852459016393443,Other
242,Burger King,4 Piece Chicken Nuggets,190,100.0,11.0,2.0,1.315934065934066,25.0,310,10.0,1.0,7.6482617586912065,10.0,18.857142857142858,20.17049180327869,24.852459016393443,Other
243,Burger King,6 Piece Chicken Nuggets,290,150.0,17.0,3.0,1.315934065934066,40.0,460,15.0,1.0,7.6482617586912065,15.0,18.857142857142858,20.17049180327869,24.852459016393443,Other
244,Burger King,20 Piece Chicken Nuggets,950,500.0,55.0,11.0,1.315934065934066,130.0,1530,50.0,5.0,7.6482617586912065,51.0,18.857142857142858,20.17049180327869,24.852459016393443,Other
245,Burger King,Chicken Nuggets (10pc),470,260.0,29.0,5.0,1.315934065934066,50.0,890,34.0,5.0,7.6482617586912065,21.0,18.857142857142858,20.17049180327869,24.852459016393443,Other
246,Burger King,Chicken Parmesan Sandwich,570,225.0,25.0,8.0,1.315934065934066,70.0,1340,57.0,,9.0,32.0,18.857142857142858,20.17049180327869,24.852459016393443,Other
247,Burger King,Crispy Buffalo Chicken Melt,580,252.0,28.0,8.0,0.5,70.0,2310,56.0,,8.0,30.0,18.857142857142858,20.17049180327869,24.852459016393443,Other
248,Burger King,Crispy Chicken Jr.,430,250.0,28.0,4.5,1.315934065934066,30.0,760,34.0,2.0,4.0,12.0,18.857142857142858,20.17049180327869,24.852459016393443,Other
249,Burger King,Crispy Chicken Sandwich,670,370.0,41.0,7.0,0.5,60.0,1070,54.0,2.0,7.0,23.0,18.857142857142858,20.17049180327869,24.852459016393443,Other
250,Burger King,Grilled Chicken Sandwich,470,170.0,19.0,3.5,1.315934065934066,85.0,850,39.0,2.0,6.0,37.0,18.857142857142858,20.17049180327869,24.852459016393443,Other
251,Burger King,Grilled Chili Cheese Dog,330,170.0,19.0,8.0,1.0,40.0,980,28.0,2.0,5.0,14.0,18.857142857142858,20.17049180327869,24.852459016393443,Other
252,Burger King,Grilled Hot Dog,310,140.0,16.0,6.0,1.0,30.0,960,32.0,2.0,10.0,11.0,18.857142857142858,20.17049180327869,24.852459016393443,Other
253,Burger King,Jalapeno Chicken Fries,300,160.0,18.0,3.0,1.315934065934066,40.0,950,19.0,1.0,1.0,15.0,18.857142857142858,20.17049180327869,24.852459016393443,Other
254,Burger King,Original Chicken Sandwich,630,350.0,39.0,7.0,1.0,65.0,1390,46.0,3.0,4.0,24.0,18.857142857142858,20.17049180327869,24.852459016393443,Other
255,Burger King,Pretzel Chicken Fries,340,189.0,21.0,3.5,1.315934065934066,45.0,1200,21.0,1.0,1.0,16.0,18.857142857142858,20.17049180327869,24.852459016393443,Other
256,Burger King,Rodeo Crispy Chicken Sandwich,410,150.0,17.0,3.0,1.315934065934066,20.0,870,53.0,2.0,14.0,12.0,18.857142857142858,20.17049180327869,24.852459016393443,Other
257,Burger King,Sourdough Chicken Club,840,459.0,51.0,12.0,1.0,95.0,1760,62.0,3.0,7.0,32.0,18.857142857142858,20.17049180327869,24.852459016393443,Other
258,Burger King,4 Piece Spicy Chicken Nuggets,210,135.0,15.0,3.0,1.315934065934066,20.0,570,11.0,2.0,7.6482617586912065,8.0,18.857142857142858,20.17049180327869,24.852459016393443,Other
259,Burger King,Spicy Chicken Nuggets,530,333.0,37.0,7.0,1.315934065934066,55.0,1420,28.0,,7.6482617586912065,20.0,18.857142857142858,20.17049180327869,24.852459016393443,Other
260,Burger King,Spicy Crispy Chicken Jr.,410,220.0,25.0,4.5,1.315934065934066,35.0,850,35.0,2.0,5.0,12.0,18.857142857142858,20.17049180327869,24.852459016393443,Other
261,Burger King,Spicy Crispy Chicken Sandwich,700,378.0,42.0,7.0,1.315934065934066,65.0,1140,57.0,3.0,8.0,25.0,18.857142857142858,20.17049180327869,24.852459016393443,Other
262,Burger King,Spicy Crispy Jalapeno Chicken Sandwich,760,405.0,45.0,11.0,1.315934065934066,95.0,1720,58.0,3.0,8.0,32.0,18.857142857142858,20.17049180327869,24.852459016393443,Other
263,Dairy Queen,1/2 lb. FlameThrower® GrillBurger,1000,660.0,74.0,26.0,2.0,170.0,1610,40.0,2.0,9.0,46.0,25.0,8.0,30.0,Other
264,Dairy Queen,1/2 lb. GrillBurger with Cheese,800,460.0,51.0,20.0,2.0,135.0,1280,44.0,3.0,13.0,40.0,25.0,6.0,35.0,Other
265,Dairy Queen,1/4 lb. Bacon Cheese GrillBurger,630,330.0,37.0,13.0,1.0,95.0,1250,44.0,2.0,13.0,30.0,20.0,6.0,25.0,Other
266,Dairy Queen,1/4 lb. GrillBurger with Cheese,540,270.0,30.0,11.0,1.0,70.0,1020,44.0,3.0,13.0,23.0,20.0,6.0,25.0,Other
267,Dairy Queen,1/4 lb. Mushroom Swiss GrillBurger,570,310.0,35.0,11.0,1.0,75.0,820,39.0,2.0,8.0,24.0,2.0,21.37408082034676,25.0,Other
268,Dairy Queen,Original Cheeseburger,400,160.0,18.0,9.0,1.0,65.0,930,34.0,1.0,8.0,19.0,10.0,21.37408082034676,10.0,Other
269,Dairy Queen,Original Double Cheeseburger,630,310.0,34.0,18.0,2.0,125.0,1240,34.0,1.0,9.0,34.0,15.0,21.37408082034676,20.0,Other
270,Dairy Queen,4 Piece Chicken Strip Basket w/ Country Gravy,1030,480.0,53.0,9.0,1.0,80.0,2780,105.0,9.0,4.0,35.0,2.0,21.37408082034676,10.0,Other
271,Dairy Queen,6 Piece Chicken Strip Basket w/ Country Gravy,1260,590.0,66.0,11.0,1.0,120.0,3500,121.0,12.0,4.0,49.0,2.0,21.37408082034676,10.0,Other
272,Dairy Queen,Bacon Cheese Dog,420,240.0,26.0,11.0,1.0,60.0,1140,26.0,1.0,3.0,19.0,18.857142857142858,20.17049180327869,24.852459016393443,Other
273,Dairy Queen,Cheese Dog,390,220.0,24.0,11.0,1.0,50.0,1000,26.0,1.0,3.0,16.0,18.857142857142858,20.17049180327869,24.852459016393443,Other
274,Dairy Queen,Chili Cheese Dog,380,220.0,24.0,11.0,1.0,55.0,900,23.0,1.0,3.0,16.0,10.0,21.37408082034676,15.0,Other
275,Dairy Queen,Chili Dog,330,180.0,20.0,8.0,1.0,40.0,1050,24.0,1.0,5.0,13.0,8.0,21.37408082034676,6.0,Other
276,Dairy Queen,Hot Dog,290,160.0,17.0,7.0,1.0,35.0,900,22.0,1.0,4.0,11.0,4.0,21.37408082034676,6.0,Other
277,Dairy Queen,Relish Dog,350,180.0,20.0,8.0,1.0,35.0,1000,30.0,1.0,6.0,13.0,18.857142857142858,20.17049180327869,24.852459016393443,Other
278,Dairy Queen,Barbecue Pork Sandwich,310,80.0,9.0,3.0,1.315934065934066,50.0,830,41.0,2.0,9.0,17.0,10.0,4.0,4.0,Other
279,Dairy Queen,Breaded Mushrooms,250,80.0,9.0,1.0,1.315934065934066,74.18489065606362,500,36.0,2.0,1.0,7.0,20.232142857142858,2.0,2.0,Other
280,Dairy Queen,Regular Cheese Curds,550,410.0,45.0,25.0,1.315934065934066,150.0,900,45.752918287937746,4.238289205702648,7.6482617586912065,35.0,30.0,21.37408082034676,100.0,Other
281,Dairy Queen,Large Cheese Curds,1050,670.0,75.0,43.0,1.0,180.0,2210,52.0,4.238289205702648,30.0,43.0,18.857142857142858,20.17049180327869,24.852459016393443,Other
282,Dairy Queen,Chili Cheese Mega Dog,760,440.0,49.0,21.0,2.0,100.0,1570,48.0,2.0,6.0,32.0,18.857142857142858,20.17049180327869,24.852459016393443,Other
283,Dairy Queen,Corn Dog,260,140.0,15.0,4.0,1.315934065934066,20.0,450,26.0,1.0,7.0,6.0,20.232142857142858,4.0,25.096110575377693,Other
284,Dairy Queen,Crispy Fish Sandwich,470,200.0,22.0,3.0,1.315934065934066,20.0,1210,53.0,2.0,7.0,17.0,10.0,2.0,6.0,Other
285,Dairy Queen,Deluxe Cheeseburger,400,160.0,18.0,9.0,1.0,65.0,930,35.0,1.0,9.0,20.0,20.0,6.0,10.0,Other
286,Dairy Queen,Deluxe Double Cheeseburger,640,310.0,34.0,18.0,2.0,125.0,1240,35.0,1.0,9.0,34.0,25.0,6.0,20.0,Other
287,Dairy Queen,Deluxe Double Hamburger,540,240.0,26.0,13.0,1.0,100.0,750,34.0,1.0,9.0,29.0,15.0,6.0,4.0,Other
288,Dairy Queen,Deluxe Hamburger,350,130.0,14.0,7.0,1.0,50.0,680,34.0,1.0,9.0,17.0,15.0,6.0,4.0,Other
289,Dairy Queen,DQ Ultimate® Burger,780,430.0,48.0,22.0,2.0,150.0,1390,34.0,1.0,7.0,41.0,20.0,6.0,20.0,Other
290,Dairy Queen,Pork Tenderloin Sandwich,580,310.0,34.0,7.0,1.315934065934066,45.0,910,48.0,2.0,6.0,19.0,18.857142857142858,20.17049180327869,24.852459016393443,Other
291,Dairy Queen,Steak Finger Basket,910,430.0,48.0,13.0,0.5,45.0,2210,95.0,5.0,2.0,23.0,18.857142857142858,20.17049180327869,24.852459016393443,Other
292,Dairy Queen,3 chicken strips Chicken Strips,350,180.0,20.0,3.0,1.315934065934066,60.0,960,22.0,10.0,7.6482617586912065,22.0,18.857142857142858,20.17049180327869,24.852459016393443,Other
293,Dairy Queen,Chicken Bacon Ranch Sandwich,500,180.0,20.0,8.0,1.315934065934066,65.0,1190,45.0,3.0,3.0,33.0,18.857142857142858,20.17049180327869,24.852459016393443,Other
294,Dairy Queen,Chicken Mozzarella Sandwich,640,220.0,25.0,8.0,1.315934065934066,60.0,1530,68.0,4.0,3.0,34.0,18.857142857142858,20.17049180327869,24.852459016393443,Other
295,Dairy Queen,Crispy Chicken BLT Salad,520,280.0,31.0,10.0,1.315934065934066,100.0,1470,25.0,9.0,6.0,37.0,18.857142857142858,20.17049180327869,24.852459016393443,Other
296,Dairy Queen,Crispy Chicken Garden Greens Salad,280,120.0,13.0,2.0,1.315934065934066,40.0,670,24.0,9.0,6.0,17.0,18.857142857142858,20.17049180327869,24.852459016393443,Other
297,Dairy Queen,Crispy Chicken Sandwich,600,270.0,30.0,5.0,1.315934065934066,55.0,1250,59.0,7.0,8.0,24.0,10.0,6.0,15.0,Other
298,Dairy Queen,Crispy Chicken Wrap,350,190.0,21.0,5.0,1.315934065934066,35.0,820,30.0,2.0,1.0,12.0,10.0,2.0,10.0,Other
299,Dairy Queen,Grilled Chicken BLT Salad,380,170.0,19.0,9.0,1.315934065934066,100.0,1540,11.0,3.0,6.0,42.0,18.857142857142858,20.17049180327869,24.852459016393443,Other
300,Dairy Queen,Grilled Chicken Garden Greens Salad,150,20.0,2.0,0.5,1.315934065934066,40.0,730,10.0,3.0,6.0,23.0,18.857142857142858,20.17049180327869,24.852459016393443,Other
301,Dairy Queen,Grilled Chicken Sandwich,360,140.0,15.0,3.0,1.315934065934066,50.0,1040,32.0,1.0,5.0,25.0,10.0,8.0,6.0,Other
302,Dairy Queen,Grilled Chicken Wrap,280,130.0,15.0,4.0,1.315934065934066,30.0,800,22.0,1.0,1.0,15.0,10.0,4.0,10.0,Other
303,Dairy Queen,Side Salad,20,239.27821011673151,26.642023346303503,8.233333333333333,1.315934065934066,74.18489065606362,15,5.0,2.0,3.0,1.0,50.0,30.0,15.0,Other
304,Dairy Queen,Turkey BLT Sandwich,550,240.0,26.0,8.0,1.315934065934066,60.0,1420,45.0,3.0,3.0,30.0,18.857142857142858,20.17049180327869,24.852459016393443,Other
305,Subway,"6"" B.L.T.",320,80.0,9.0,4.0,1.315934065934066,20.0,680,43.0,5.0,6.0,15.0,8.0,8.0,30.0,Other
306,Subway,Footlong B.L.T.,640,160.0,18.0,8.0,1.315934065934066,40.0,1360,86.0,10.0,12.0,30.0,16.0,16.0,60.0,Other
307,Subway,"6"" BBQ Rib Sandwich",430,160.0,18.0,6.0,1.315934065934066,50.0,590,47.0,5.0,8.0,19.0,8.0,20.0,30.0,Other
308,Subway,Footlong BBQ Rib Sandwich,860,320.0,36.0,12.0,1.315934065934066,100.0,1180,94.0,10.0,16.0,38.0,16.0,40.0,60.0,Other
309,Subway,"6"" Big Hot Pastrami",580,310.0,31.0,11.0,1.315934065934066,85.0,1470,47.0,5.0,7.0,29.0,10.0,45.0,40.0,Other
310,Subway,Footlong Big Hot Pastrami,1160,620.0,62.0,22.0,1.315934065934066,170.0,2940,94.0,10.0,14.0,58.0,20.0,90.0,80.0,Other
311,Subway,"6"" Big Philly Cheesesteak",500,150.0,17.0,9.0,1.0,85.0,1310,51.0,6.0,8.0,38.0,15.0,20.0,50.0,Other
312,Subway,Footlong Big Philly Cheesesteak,1000,300.0,34.0,18.0,2.0,170.0,2620,102.0,12.0,16.0,76.0,30.0,40.0,100.0,Other
313,Subway,Kids Mini Sub Black Forest Ham,180,20.0,3.0,0.5,1.315934065934066,10.0,450,30.0,3.0,5.0,10.0,6.0,15.0,20.0,Other
314,Subway,"6"" Black Forest Ham",290,40.0,5.0,1.0,1.315934065934066,20.0,830,46.0,5.0,8.0,18.0,8.0,20.0,30.0,Other
315,Subway,Footlong Black Forest Ham,580,80.0,10.0,2.0,1.315934065934066,40.0,1660,92.0,10.0,16.0,36.0,16.0,40.0,60.0,Other
316,Subway,"6"" Carved Turkey",330,45.0,5.0,1.0,1.315934065934066,45.0,890,45.0,5.0,7.0,25.0,8.0,20.0,30.0,Other
317,Subway,Footlong Carved Turkey,660,90.0,10.0,2.0,1.315934065934066,90.0,1780,90.0,10.0,14.0,50.0,16.0,40.0,60.0,Other
318,Subway,"6"" Carved Turkey & Bacon w/ Cheese",570,230.0,26.0,7.0,1.315934065934066,70.0,1600,46.0,5.0,8.0,33.0,10.0,20.0,40.0,Other
319,Subway,Footlong Carved Turkey & Bacon w/ Cheese,1140,460.0,52.0,14.0,1.315934065934066,140.0,3200,92.0,10.0,16.0,66.0,20.0,40.0,80.0,Other
320,Subway,"6"" Chicken & Bacon Ranch Melt",570,250.0,28.0,10.0,1.0,95.0,1080,47.0,5.0,8.0,35.0,15.0,25.0,50.0,Other
321,Subway,Footlong Chicken & Bacon Ranch Melt,1140,500.0,56.0,20.0,2.0,190.0,2160,94.0,10.0,16.0,70.0,30.0,50.0,100.0,Other
322,Subway,"6"" Chicken Pizziola Melt",460,140.0,16.0,6.0,1.315934065934066,80.0,1140,49.0,6.0,9.0,32.0,15.0,30.0,45.0,Other
323,Subway,Footlong Chicken Pizziola Melt,920,280.0,32.0,12.0,1.315934065934066,160.0,2280,98.0,12.0,18.0,64.0,30.0,60.0,90.0,Other
324,Subway,"6"" Cold Cut Combo",370,120.0,13.0,4.0,1.315934065934066,50.0,1140,46.0,5.0,7.0,18.0,10.0,20.0,35.0,Other
325,Subway,Footlong Cold Cut Combo,740,240.0,26.0,8.0,1.315934065934066,100.0,2280,92.0,10.0,14.0,36.0,20.0,40.0,70.0,Other
326,Subway,"6"" Corned Beef Reuben",470,130.0,15.0,4.5,1.315934065934066,85.0,1770,45.0,7.0,12.0,39.0,10.0,35.0,20.0,Other
327,Subway,Footlong Corned Beef Reuben,940,260.0,30.0,9.0,1.315934065934066,170.0,3540,90.0,14.0,24.0,78.0,20.0,70.0,40.0,Other
328,Subway,"6"" Italian B.M.T.",410,150.0,16.0,6.0,1.315934065934066,45.0,1300,46.0,5.0,8.0,20.0,8.0,20.0,30.0,Other
329,Subway,Footlong Italian B.M.T.,820,300.0,32.0,12.0,1.315934065934066,90.0,2600,92.0,10.0,16.0,40.0,16.0,40.0,60.0,Other
330,Subway,"6"" Italian Hero",550,260.0,29.0,10.0,1.315934065934066,75.0,1470,47.0,5.0,9.0,26.0,10.0,20.0,40.0,Other
331,Subway,Footlong Italian Hero,1100,520.0,58.0,20.0,1.315934065934066,150.0,2940,94.0,10.0,18.0,52.0,20.0,40.0,80.0,Other
332,Subway,"6"" Meatball Marinara",480,160.0,18.0,7.0,1.0,30.0,950,59.0,8.0,12.0,21.0,25.0,35.0,35.0,Other
333,Subway,Footlong Meatball Marinara,960,320.0,36.0,14.0,2.0,60.0,1900,118.0,16.0,24.0,42.0,50.0,70.0,70.0,Other
334,Subway,"6"" Oven Roasted Chicken",320,40.0,5.0,2.0,1.315934065934066,25.0,640,47.0,5.0,8.0,23.0,8.0,30.0,30.0,Other
335,Subway,Footlong Oven Roasted Chicken,640,80.0,10.0,4.0,1.315934065934066,50.0,1280,44.0,10.0,16.0,46.0,16.0,60.0,60.0,Other
336,Subway,Kids Mini Sub Roast Beef,200,25.0,3.0,1.0,1.315934065934066,25.0,390,30.0,4.0,5.0,14.0,6.0,15.0,20.0,Other
337,Subway,"6"" Roast Beef",320,40.0,5.0,2.0,1.315934065934066,40.0,700,45.0,5.0,7.0,24.0,8.0,20.0,30.0,Other
338,Subway,Footlong Roast Beef,640,80.0,10.0,4.0,1.315934065934066,80.0,1400,90.0,10.0,14.0,48.0,16.0,40.0,60.0,Other
339,Subway,"6"" Rotisserie Style Chicken",350,50.0,6.0,1.5,1.315934065934066,50.0,540,44.0,5.0,7.0,29.0,8.0,20.0,30.0,Other
340,Subway,Footlong Rotisserie Style Chicken,700,100.0,12.0,3.0,1.315934065934066,100.0,1080,88.0,10.0,14.0,58.0,16.0,40.0,60.0,Other
341,Subway,"6"" Spicy Italian",480,220.0,24.0,9.0,1.0,50.0,1520,46.0,5.0,8.0,20.0,8.0,20.0,30.0,Other
342,Subway,Footlong Spicy Italian,960,440.0,48.0,18.0,2.0,100.0,3040,92.0,10.0,16.0,40.0,16.0,40.0,60.0,Other
343,Subway,"6"" Steak and Cheese",380,90.0,10.0,5.0,1.315934065934066,50.0,1060,48.0,5.0,8.0,26.0,10.0,20.0,40.0,Other
344,Subway,Footlong Steak and Cheese,760,180.0,20.0,10.0,1.315934065934066,100.0,2120,96.0,10.0,16.0,52.0,20.0,40.0,80.0,Other
345,Subway,"6"" Subway Club",310,40.0,5.0,2.0,1.315934065934066,40.0,880,46.0,5.0,7.0,23.0,8.0,20.0,30.0,Other
346,Subway,Footlong Subway Club,620,80.0,10.0,4.0,1.315934065934066,80.0,1760,92.0,10.0,14.0,46.0,16.0,40.0,60.0,Other
347,Subway,"6"" Subway Melt (includes cheese)",370,100.0,11.0,5.0,1.315934065934066,45.0,1210,47.0,5.0,8.0,23.0,10.0,20.0,40.0,Other
348,Subway,Footlong Subway Melt (includes cheese),740,200.0,22.0,10.0,1.315934065934066,90.0,1420,94.0,10.0,16.0,46.0,20.0,40.0,80.0,Other
349,Subway,"6"" Subway Seafood Sensation",420,170.0,19.0,3.0,1.315934065934066,20.0,690,51.0,5.0,8.0,13.0,10.0,20.0,35.0,Other
350,Subway,Footlong Subway Seafood Sensation,840,340.0,38.0,6.0,1.315934065934066,40.0,1380,102.0,10.0,16.0,26.0,20.0,40.0,70.0,Other
351,Subway,"6"" Sweet Onion Chicken Teriyaki",380,40.0,5.0,1.0,1.315934065934066,50.0,900,59.0,5.0,18.0,26.0,8.0,30.0,35.0,Other
352,Subway,Footlong Sweet Onion Chicken Teriyaki,760,80.0,10.0,2.0,1.315934065934066,100.0,1800,118.0,10.0,36.0,52.0,16.0,60.0,70.0,Other
353,Subway,"6"" Tuna",470,210.0,24.0,4.0,1.315934065934066,30.0,620,44.0,5.0,6.0,20.0,8.0,20.0,30.0,Other
354,Subway,Footlong Tuna,940,420.0,48.0,8.0,1.315934065934066,60.0,1240,88.0,10.0,12.0,40.0,16.0,40.0,60.0,Other
355,Subway,"6"" Turkey & Bacon Avocado",390,110.0,13.0,3.5,1.315934065934066,30.0,860,49.0,8.0,7.0,22.0,10.0,200.0,30.0,Other
356,Subway,Footlong Turkey & Bacon Avocado,780,220.0,26.0,7.0,1.315934065934066,60.0,1720,98.0,16.0,14.0,44.0,20.0,400.0,60.0,Other
357,Subway,Kids Mini Sub Turkey Breast,180,20.0,2.0,0.5,1.315934065934066,10.0,380,30.0,3.0,5.0,10.0,6.0,15.0,20.0,Other
358,Subway,"6"" Turkey Breast",280,30.0,4.0,1.0,1.315934065934066,20.0,810,46.0,5.0,7.0,18.0,8.0,20.0,30.0,Other
359,Subway,Footlong Turkey Breast,560,60.0,8.0,2.0,1.315934065934066,40.0,1620,92.0,10.0,14.0,36.0,16.0,40.0,60.0,Other
360,Subway,"6"" Turkey Breast & Ham",280,35.0,4.0,1.0,1.315934065934066,20.0,820,46.0,5.0,8.0,18.0,8.0,20.0,30.0,Other
361,Subway,Footlong Turkey Breast & Ham,560,70.0,8.0,2.0,1.315934065934066,40.0,1640,92.0,10.0,16.0,36.0,16.0,40.0,60.0,Other
362,Subway,"6"" Turkey Italiano Melt (with Provolone)",490,210.0,24.0,9.0,1.0,50.0,1480,47.0,5.0,8.0,24.0,10.0,20.0,45.0,Other
363,Subway,Footlong Turkey Italiano Melt (with Provolone),980,420.0,48.0,18.0,2.0,100.0,2960,94.0,10.0,16.0,48.0,20.0,40.0,90.0,Other
364,Subway,Kids Mini Sub Veggie Delite,150,15.0,2.0,8.233333333333333,1.315934065934066,74.18489065606362,190,29.0,3.0,4.0,6.0,6.0,15.0,20.0,Other
365,Subway,"6"" Veggie Delite",230,20.0,3.0,1.0,1.315934065934066,74.18489065606362,310,44.0,5.0,6.0,8.0,8.0,20.0,30.0,Other
366,Subway,Footlong Veggie Delite,460,40.0,6.0,2.0,1.315934065934066,74.18489065606362,620,88.0,10.0,12.0,16.0,16.0,40.0,60.0,Other
367,Subway,"6"" Veggie Patty",390,70.0,7.0,1.0,1.315934065934066,10.0,800,56.0,8.0,8.0,23.0,15.0,20.0,35.0,Other
368,Subway,Footlong Veggie Patty,780,140.0,14.0,2.0,1.315934065934066,20.0,1600,112.0,16.0,16.0,46.0,30.0,20.0,70.0,Other
369,Subway,Autumn Carved Turkey Salad,300,80.0,9.0,3.0,1.315934065934066,60.0,1120,26.0,3.0,22.0,25.0,40.0,40.0,15.0,Other
370,Subway,B.L.T. Salad,150,70.0,8.0,4.0,1.315934065934066,20.0,420,10.0,4.0,5.0,10.0,50.0,50.0,6.0,Other
371,Subway,Big Hot Pastrami Melt Salad,400,300.0,29.0,11.0,1.315934065934066,85.0,1250,12.0,4.0,4.0,23.0,25.0,70.0,10.0,Other
372,Subway,Big Philly Cheesesteak Salad,330,140.0,16.0,8.0,1.0,85.0,1080,17.0,5.0,6.0,32.0,60.0,50.0,25.0,Other
373,Subway,Black Forest Ham Salad,110,25.0,3.0,1.0,1.315934065934066,20.0,590,11.0,4.0,6.0,12.0,25.0,45.0,4.0,Other
374,Subway,Buffalo Chicken Salad (with Ranch dressing),360,230.0,26.0,4.0,1.315934065934066,60.0,1100,13.0,4.0,6.0,20.0,50.0,60.0,8.0,Other
375,Subway,Carved Turkey & Bacon w/ Cheese Salad,280,110.0,12.0,4.5,1.315934065934066,65.0,1320,11.0,4.0,5.0,28.0,50.0,50.0,15.0,Other
376,Subway,Carved Turkey Salad,150,30.0,4.0,8.233333333333333,1.315934065934066,45.0,680,8.0,3.0,3.0,19.0,40.0,40.0,6.0,Other
377,Subway,Chicken & Bacon Ranch Melt Salad (includes Ranch dressing),510,340.0,38.0,12.0,1.0,100.0,1040,14.0,4.0,7.0,30.0,60.0,60.0,30.0,Other
378,Subway,Cold Cut Combo Salad,180,95.0,11.0,4.0,1.315934065934066,45.0,820,12.0,4.0,5.0,12.0,50.0,50.0,10.0,Other
379,Subway,Double Chicken Salad,220,35.0,5.0,1.5,1.315934065934066,100.0,490,10.0,4.0,4.0,36.0,50.0,60.0,8.0,Other
380,Subway,Italian B.M.T.® Salad,230,135.0,15.0,6.0,1.315934065934066,45.0,1060,12.0,4.0,6.0,14.0,50.0,50.0,6.0,Other
381,Subway,Italian Hero Salad,230,140.0,15.0,5.0,1.315934065934066,45.0,1060,13.0,4.0,8.0,14.0,40.0,60.0,4.0,Other
382,Subway,Meatball Marinara Salad,310,150.0,17.0,7.0,1.0,30.0,720,25.0,6.0,10.0,16.0,60.0,70.0,10.0,Other
383,Subway,Oven Roasted Chicken Salad,140,25.0,3.0,0.5,1.315934065934066,50.0,280,10.0,4.0,4.0,19.0,50.0,60.0,8.0,Other
384,Subway,Roast Beef Salad,140,30.0,4.0,1.0,1.315934065934066,40.0,450,10.0,4.0,5.0,18.0,25.0,45.0,4.0,Other
385,Subway,Spicy Italian Salad,310,205.0,23.0,9.0,1.0,50.0,1280,11.0,4.0,6.0,15.0,50.0,50.0,8.0,Other
386,Subway,Steak & Cheese Salad,210,75.0,8.0,4.0,1.315934065934066,50.0,830,14.0,4.0,6.0,20.0,50.0,50.0,15.0,Other
387,Subway,Subway Club Salad,140,30.0,4.0,1.0,1.315934065934066,40.0,640,11.0,4.0,5.0,17.0,25.0,45.0,6.0,Other
388,Subway,Subway Melt® Salad,200,85.0,10.0,5.0,1.315934065934066,45.0,910,13.0,4.0,6.0,18.0,50.0,50.0,15.0,Other
389,Subway,Sweet Onion Chicken Teriyaki Salad,200,25.0,3.0,1.0,1.315934065934066,50.0,660,24.0,4.0,16.0,20.0,25.0,50.0,6.0,Other
390,Subway,Tuna Salad,310,215.0,24.0,4.0,1.315934065934066,40.0,370,10.0,4.0,4.0,15.0,50.0,50.0,6.0,Other
391,Subway,Turkey Breast & Ham Salad,110,20.0,3.0,1.0,1.315934065934066,25.0,580,11.0,4.0,5.0,12.0,25.0,45.0,6.0,Other
392,Subway,Turkey Breast Salad,110,20.0,2.0,1.0,1.315934065934066,20.0,570,11.0,4.0,5.0,12.0,25.0,45.0,6.0,Other
393,Subway,Veggie Delite Salad,50,10.0,1.0,8.233333333333333,1.315934065934066,74.18489065606362,65,9.0,4.0,4.0,3.0,25.0,45.0,4.0,Other
394,Subway,Chipotle Southwest Steak & Cheese Wrap,760,330.0,37.0,12.0,1.0,100.0,2250,65.0,4.0,7.0,43.0,15.0,45.0,30.0,Other
395,Subway,Rotisserie-Style Chicken Caesar Wrap,730,310.0,34.0,10.0,0.5,135.0,1900,53.0,3.0,4.0,55.0,15.0,8.0,45.0,Other
396,Subway,"Turkey, Bacon & Guacamole Wrap",810,380.0,42.0,13.0,0.5,75.0,2970,62.0,3.0,6.0,43.0,10.0,30.0,30.0,Other
397,Subway,Cheese & Veggies Pizza,740,230.0,25.0,11.0,1.315934065934066,50.0,1270,100.0,5.0,9.0,36.0,35.0,30.0,60.0,Other
398,Subway,Cheese Pizza,680,200.0,22.0,9.0,1.315934065934066,40.0,1070,96.0,4.0,7.0,32.0,25.0,4.0,45.0,Other
399,Subway,Pepperoni Pizza,790,290.0,32.0,13.0,1.315934065934066,60.0,1350,96.0,4.0,8.0,38.0,30.0,4.0,60.0,Other
400,Subway,Sausage Pizza,820,310.0,34.0,14.0,1.315934065934066,70.0,1420,97.0,4.0,8.0,39.0,30.0,4.0,60.0,Other
401,Taco Bell,1/2 lb.* Cheesy Potato Burrito,540,230.0,26.0,7.0,1.0,45.0,1360,59.0,7.0,4.0,19.0,18.857142857142858,20.17049180327869,24.852459016393443,Other
402,Taco Bell,1/2 lb.* Combo Burrito,460,170.0,18.0,7.0,1.0,45.0,1320,53.0,9.0,3.0,21.0,18.857142857142858,20.17049180327869,24.852459016393443,Other
403,Taco Bell,7-Layer Burrito,510,170.0,19.0,7.0,1.315934065934066,20.0,1090,68.0,11.0,4.0,16.0,18.857142857142858,20.17049180327869,24.852459016393443,Other
404,Taco Bell,Bean Burrito,370,100.0,11.0,4.0,1.315934065934066,5.0,960,56.0,9.0,3.0,13.0,18.857142857142858,20.17049180327869,24.852459016393443,Other
405,Taco Bell,Beefy 5-Layer Burrito,550,200.0,22.0,8.0,1.315934065934066,35.0,1270,68.0,8.0,5.0,19.0,18.857142857142858,20.17049180327869,24.852459016393443,Other
406,Taco Bell,Beefy Fritos® Burrito,440,160.0,18.0,5.0,1.315934065934066,20.0,1030,55.0,4.0,3.0,13.0,18.857142857142858,20.17049180327869,24.852459016393443,Other
407,Taco Bell,Black Bean Burrito,410,110.0,12.0,4.0,1.315934065934066,10.0,1100,62.0,8.0,3.0,14.0,18.857142857142858,20.17049180327869,24.852459016393443,Other
408,Taco Bell,Burrito Supreme® – Beef,420,140.0,16.0,7.0,1.315934065934066,35.0,1090,53.0,8.0,5.0,16.0,18.857142857142858,20.17049180327869,24.852459016393443,Other
409,Taco Bell,Burrito Supreme® - Chicken,390,110.0,12.0,5.0,1.315934065934066,40.0,1050,52.0,7.0,5.0,19.0,18.857142857142858,20.17049180327869,24.852459016393443,Other
410,Taco Bell,Burrito Supreme® - Steak,390,120.0,13.0,5.0,1.315934065934066,30.0,1090,52.0,7.0,5.0,17.0,18.857142857142858,20.17049180327869,24.852459016393443,Other
411,Taco Bell,Cantina Power Burrito - Chicken,760,240.0,27.0,6.0,1.315934065934066,60.0,1960,96.0,12.0,7.0,32.0,18.857142857142858,20.17049180327869,24.852459016393443,Other
412,Taco Bell,Cantina Power Burrito - Steak,780,250.0,28.0,7.0,1.315934065934066,50.0,1900,98.0,13.0,7.0,33.0,18.857142857142858,20.17049180327869,24.852459016393443,Other
413,Taco Bell,Cantina Power Burrito - Veggie,740,230.0,26.0,5.0,1.315934065934066,10.0,1750,107.0,17.0,8.0,20.0,18.857142857142858,20.17049180327869,24.852459016393443,Other
414,Taco Bell,Cheesy Bean and Rice Burrito,420,160.0,17.0,3.5,1.315934065934066,74.18489065606362,930,55.0,6.0,4.0,11.0,18.857142857142858,20.17049180327869,24.852459016393443,Other
415,Taco Bell,Chili Cheese Burrito,380,150.0,17.0,8.0,1.0,35.0,930,41.0,5.0,2.0,16.0,18.857142857142858,20.17049180327869,24.852459016393443,Other
416,Taco Bell,Chicken Crunchy Cheesy Core Burrito,610,210.0,24.0,9.0,1.315934065934066,55.0,1510,74.0,5.0,5.0,25.0,10.0,4.0,35.0,Other
417,Taco Bell,Steak Crunchy Cheesy Core Burrito,610,220.0,24.0,9.0,1.315934065934066,50.0,1520,75.0,5.0,5.0,25.0,10.0,4.0,40.0,Other
418,Taco Bell,Beef Crunchy Cheesy Core Burrito,630,240.0,26.0,10.0,0.5,45.0,1530,76.0,7.0,5.0,22.0,15.0,4.0,35.0,Other
419,Taco Bell,Loaded Taco Burrito,550,260.0,29.0,9.0,0.5,50.0,1130,52.0,7.0,4.0,20.0,15.0,6.0,20.0,Other
420,Taco Bell,Chicken Quesarito,620,270.0,30.0,10.0,1.315934065934066,60.0,1440,64.0,4.0,4.0,24.0,18.857142857142858,20.17049180327869,24.852459016393443,Other
421,Taco Bell,Steak Quesarito,630,280.0,31.0,11.0,0.5,65.0,1410,64.0,3.0,4.0,25.0,18.857142857142858,20.17049180327869,24.852459016393443,Other
422,Taco Bell,Beef Quesarito,650,300.0,34.0,12.0,0.5,60.0,1450,65.0,6.0,5.0,22.0,18.857142857142858,20.17049180327869,24.852459016393443,Other
423,Taco Bell,Shredded Chicken Burrito,400,160.0,18.0,4.5,1.315934065934066,30.0,960,45.0,3.0,3.0,16.0,18.857142857142858,20.17049180327869,24.852459016393443,Other
424,Taco Bell,Smothered Burrito - Beef,710,320.0,35.0,13.0,1.0,75.0,2260,70.0,10.0,4.0,28.0,18.857142857142858,20.17049180327869,24.852459016393443,Other
425,Taco Bell,Smothered Burrito - Shredded Chicken,650,250.0,28.0,10.0,1.315934065934066,70.0,2230,67.0,8.0,4.0,34.0,18.857142857142858,20.17049180327869,24.852459016393443,Other
426,Taco Bell,Smothered Burrito - Steak,670,260.0,29.0,11.0,0.5,80.0,2080,68.0,7.0,4.0,35.0,18.857142857142858,20.17049180327869,24.852459016393443,Other
427,Taco Bell,Chicken Spicy Cheesy Core Burrito,540,180.0,20.0,8.0,1.315934065934066,55.0,1740,66.0,5.0,5.0,24.0,15.0,8.0,35.0,Other
428,Taco Bell,Steak Spicy Cheesy Core Burrito,550,190.0,21.0,9.0,1.315934065934066,50.0,1750,66.0,5.0,5.0,24.0,10.0,6.0,35.0,Other
429,Taco Bell,Beef Spicy Cheesy Core Burrito,570,210.0,23.0,10.0,0.5,45.0,1760,68.0,7.0,5.0,22.0,15.0,6.0,35.0,Other
430,Taco Bell,Triple Melt Burrito,410,140.0,16.0,6.0,1.315934065934066,30.0,1030,50.0,4.0,3.0,15.0,6.0,2.0,20.0,Other
431,Taco Bell,XXL Grilled Stuft Burrito - Beef,880,380.0,42.0,14.0,1.0,75.0,2020,94.0,12.0,6.0,31.0,18.857142857142858,20.17049180327869,24.852459016393443,Other
432,Taco Bell,XXL Grilled Stuft Burrito - Chicken,830,320.0,35.0,11.0,1.315934065934066,85.0,1940,91.0,10.0,6.0,37.0,18.857142857142858,20.17049180327869,24.852459016393443,Other
433,Taco Bell,XXL Grilled Stuft Burrito - Steak,820,320.0,36.0,12.0,1.0,70.0,2020,91.0,10.0,7.0,33.0,18.857142857142858,20.17049180327869,24.852459016393443,Other
434,Taco Bell,Chicken Soft Taco,170,50.0,6.0,3.0,1.315934065934066,30.0,460,18.0,1.0,1.0,12.0,18.857142857142858,20.17049180327869,24.852459016393443,Other
435,Taco Bell,Cool Ranch® Doritos® Double Decker® Taco,320,120.0,14.0,5.0,1.315934065934066,25.0,770,36.0,6.0,2.0,13.0,18.857142857142858,20.17049180327869,24.852459016393443,Other
436,Taco Bell,Cool Ranch® Doritos® Locos Taco,160,90.0,10.0,3.5,1.315934065934066,25.0,350,13.0,2.0,1.0,8.0,18.857142857142858,20.17049180327869,24.852459016393443,Other
437,Taco Bell,Cool Ranch® Doritos® Locos Taco Supreme,200,100.0,12.0,4.5,1.315934065934066,35.0,370,15.0,3.0,3.0,9.0,18.857142857142858,20.17049180327869,24.852459016393443,Other
438,Taco Bell,Crunchy Taco,170,90.0,10.0,4.0,1.315934065934066,25.0,290,12.0,3.0,1.0,8.0,18.857142857142858,20.17049180327869,24.852459016393443,Other
439,Taco Bell,Crunchy Taco Supreme®,200,110.0,12.0,5.0,1.315934065934066,35.0,320,15.0,3.0,2.0,9.0,18.857142857142858,20.17049180327869,24.852459016393443,Other
440,Taco Bell,Double Decker® Taco,320,120.0,14.0,5.0,1.315934065934066,25.0,640,37.0,7.0,2.0,13.0,18.857142857142858,20.17049180327869,24.852459016393443,Other
441,Taco Bell,DOUBLE DECKER® Taco Supreme®,350,140.0,16.0,6.0,1.315934065934066,35.0,670,40.0,7.0,3.0,14.0,18.857142857142858,20.17049180327869,24.852459016393443,Other
442,Taco Bell,Spicy Sweet Double Stacked Taco,340,160.0,18.0,7.0,1.315934065934066,35.0,640,32.0,4.0,6.0,12.0,10.0,2.0,15.0,Other
443,Taco Bell,Cool Ranch Habanero Double Stacked Taco,350,180.0,20.0,8.0,0.5,40.0,630,30.0,4.0,3.0,13.0,15.0,2.0,20.0,Other
444,Taco Bell,Nacho Crunch Double Stacked Taco,380,170.0,19.0,6.0,1.315934065934066,35.0,650,39.0,5.0,2.0,13.0,8.0,2.0,20.0,Other
445,Taco Bell,Fiery Doritos® Double Decker® Taco,320,120.0,13.0,5.0,1.315934065934066,25.0,770,36.0,7.0,2.0,14.0,18.857142857142858,20.17049180327869,24.852459016393443,Other
446,Taco Bell,Fiery Doritos® Locos Taco,170,90.0,10.0,3.5,1.315934065934066,25.0,370,12.0,3.0,1.0,8.0,18.857142857142858,20.17049180327869,24.852459016393443,Other
447,Taco Bell,Fiery Doritos® Locos Taco Supreme,200,110.0,12.0,5.0,1.315934065934066,30.0,390,15.0,3.0,2.0,9.0,18.857142857142858,20.17049180327869,24.852459016393443,Other
448,Taco Bell,Grilled Steak Soft Taco,250,130.0,14.0,4.0,1.315934065934066,30.0,550,19.0,2.0,2.0,11.0,18.857142857142858,20.17049180327869,24.852459016393443,Other
449,Taco Bell,Nacho Cheese Doritos® Double Decker® Taco,320,120.0,13.0,5.0,1.315934065934066,25.0,760,36.0,7.0,2.0,14.0,18.857142857142858,20.17049180327869,24.852459016393443,Other
450,Taco Bell,Nacho Cheese Doritos® Locos Tacos,170,80.0,9.0,4.0,1.315934065934066,25.0,340,13.0,2.0,1.0,8.0,18.857142857142858,20.17049180327869,24.852459016393443,Other
451,Taco Bell,Nacho Cheese Doritos® Locos Tacos Supreme,200,100.0,11.0,5.0,1.315934065934066,35.0,370,15.0,3.0,2.0,9.0,18.857142857142858,20.17049180327869,24.852459016393443,Other
452,Taco Bell,Soft Taco Supreme® – Beef,230,100.0,11.0,5.0,1.315934065934066,35.0,530,22.0,3.0,3.0,10.0,18.857142857142858,20.17049180327869,24.852459016393443,Other
453,Taco Bell,Soft Taco-Beef,200,80.0,9.0,4.0,1.315934065934066,25.0,510,19.0,3.0,1.0,10.0,18.857142857142858,20.17049180327869,24.852459016393443,Other
454,Taco Bell,Spicy Potato Soft Taco,250,120.0,13.0,3.0,1.315934065934066,10.0,510,28.0,3.0,1.0,6.0,18.857142857142858,20.17049180327869,24.852459016393443,Other
455,Taco Bell,Chalupa Supreme® - Chicken,340,160.0,18.0,4.0,1.315934065934066,40.0,530,29.0,3.0,4.0,16.0,18.857142857142858,20.17049180327869,24.852459016393443,Other
456,Taco Bell,Chalupa Supreme® - Steak,340,170.0,18.0,4.0,1.315934065934066,30.0,570,29.0,3.0,4.0,14.0,18.857142857142858,20.17049180327869,24.852459016393443,Other
457,Taco Bell,Chalupa Supreme®–Beef,370,190.0,21.0,5.0,1.315934065934066,30.0,570,31.0,4.0,4.0,13.0,18.857142857142858,20.17049180327869,24.852459016393443,Other
458,Taco Bell,Double Chalupa,600,310.0,35.0,8.0,0.5,50.0,1010,50.0,6.0,5.0,21.0,15.0,4.0,15.0,Other
459,Taco Bell,Wild Naked Chicken Chalupa,420,250.0,28.0,6.0,1.315934065934066,65.0,1070,23.0,4.0,2.0,19.0,6.0,4.0,6.0,Other
460,Taco Bell,Mild Naked Chicken Chalupa,440,270.0,30.0,7.0,1.315934065934066,70.0,1090,22.0,3.0,1.0,20.0,6.0,4.0,6.0,Other
461,Taco Bell,Spicy Double Chalupa,600,310.0,35.0,8.0,0.5,50.0,1240,52.0,7.0,5.0,21.0,15.0,8.0,15.0,Other
462,Taco Bell,Fresco Bean Burrito,350,80.0,9.0,3.0,1.315934065934066,74.18489065606362,950,57.0,9.0,3.0,11.0,18.857142857142858,20.17049180327869,24.852459016393443,Other
463,Taco Bell,Fresco Burrito Supreme® – Chicken,340,80.0,8.0,3.0,1.315934065934066,25.0,1020,50.0,7.0,4.0,17.0,18.857142857142858,20.17049180327869,24.852459016393443,Other
464,Taco Bell,Fresco Burrito Supreme® – Steak,340,80.0,9.0,3.0,1.315934065934066,15.0,1060,50.0,7.0,4.0,15.0,18.857142857142858,20.17049180327869,24.852459016393443,Other
465,Taco Bell,Fresco Chicken Soft Taco,150,35.0,4.0,1.0,1.315934065934066,25.0,460,18.0,2.0,2.0,11.0,18.857142857142858,20.17049180327869,24.852459016393443,Other
466,Taco Bell,Fresco Crunchy Taco,140,70.0,8.0,2.0,1.315934065934066,20.0,290,13.0,3.0,1.0,6.0,18.857142857142858,20.17049180327869,24.852459016393443,Other
467,Taco Bell,Fresco Grilled Steak Soft Taco,150,35.0,4.0,2.0,1.315934065934066,15.0,500,19.0,2.0,2.0,9.0,18.857142857142858,20.17049180327869,24.852459016393443,Other
468,Taco Bell,Fresco Soft Taco,170,60.0,7.0,3.0,1.315934065934066,20.0,500,20.0,3.0,2.0,8.0,18.857142857142858,20.17049180327869,24.852459016393443,Other
469,Taco Bell,Cheesy Gordita Crunch,490,260.0,29.0,10.0,1.0,55.0,810,39.0,5.0,6.0,20.0,18.857142857142858,20.17049180327869,24.852459016393443,Other
470,Taco Bell,Doritos® Cheesy Gordita Crunch - Cool Ranch,490,250.0,28.0,10.0,1.0,55.0,890,40.0,5.0,5.0,20.0,18.857142857142858,20.17049180327869,24.852459016393443,Other
471,Taco Bell,Doritos® Cheesy Gordita Crunch - Fiery,490,250.0,28.0,10.0,1.0,55.0,890,40.0,5.0,4.0,20.0,18.857142857142858,20.17049180327869,24.852459016393443,Other
472,Taco Bell,Doritos® Cheesy Gordita Crunch - Nacho Cheese,490,250.0,28.0,10.0,1.0,55.0,880,40.0,5.0,5.0,20.0,18.857142857142858,20.17049180327869,24.852459016393443,Other
473,Taco Bell,Double Cheesy Gordita Crunch,570,290.0,32.0,12.0,1.0,70.0,1110,44.0,7.0,5.0,25.0,15.0,2.0,30.0,Other
474,Taco Bell,Gordita Supreme® – Beef,300,120.0,14.0,5.0,1.315934065934066,30.0,550,31.0,4.0,6.0,13.0,18.857142857142858,20.17049180327869,24.852459016393443,Other
475,Taco Bell,Gordita Supreme® - Chicken,270,90.0,10.0,4.0,1.315934065934066,40.0,510,29.0,2.0,6.0,16.0,18.857142857142858,20.17049180327869,24.852459016393443,Other
476,Taco Bell,Gordita Supreme® - Steak,270,90.0,11.0,4.0,1.315934065934066,30.0,550,29.0,2.0,6.0,14.0,18.857142857142858,20.17049180327869,24.852459016393443,Other
477,Taco Bell,Nacho Fries Bellgrande,710,360.0,41.0,6.0,1.315934065934066,30.0,1420,73.0,10.0,4.0,13.0,10.0,4.0,8.0,Other
478,Taco Bell,Nachos BellGrande®,760,360.0,39.0,6.0,1.315934065934066,30.0,1100,82.0,13.0,5.0,18.0,18.857142857142858,20.17049180327869,24.852459016393443,Other
479,Taco Bell,Nachos Supreme,430,210.0,23.0,5.0,1.315934065934066,30.0,690,44.0,7.0,3.0,12.0,18.857142857142858,20.17049180327869,24.852459016393443,Other
480,Taco Bell,Triple Layer Nachos,320,140.0,15.0,1.5,1.315934065934066,74.18489065606362,600,41.0,6.0,2.0,7.0,18.857142857142858,20.17049180327869,24.852459016393443,Other
481,Taco Bell,Triple Melt Nachos,260,140.0,16.0,4.5,1.315934065934066,30.0,550,19.0,3.0,1.0,10.0,6.0,21.37408082034676,10.0,Other
482,Taco Bell,Beefy Cheddar Crunchwrap Slider,410,170.0,19.0,6.0,1.315934065934066,25.0,960,46.0,4.0,3.0,14.0,18.857142857142858,20.17049180327869,24.852459016393443,Other
483,Taco Bell,Beefy Mini Quesadilla,210,110.0,12.0,4.0,1.315934065934066,25.0,560,17.0,3.0,1.0,9.0,18.857142857142858,20.17049180327869,24.852459016393443,Other
484,Taco Bell,Beefy Nacho Griller,420,170.0,19.0,4.5,1.315934065934066,20.0,870,49.0,5.0,3.0,12.0,18.857142857142858,20.17049180327869,24.852459016393443,Other
485,Taco Bell,BLT Crunchwrap Slider,430,210.0,23.0,5.0,1.315934065934066,20.0,900,43.0,3.0,4.0,12.0,18.857142857142858,20.17049180327869,24.852459016393443,Other
486,Taco Bell,Cantina Power Bowl - Chicken,560,200.0,22.0,4.0,1.315934065934066,60.0,1520,64.0,9.0,4.0,26.0,18.857142857142858,20.17049180327869,24.852459016393443,Other
487,Taco Bell,Cantina Power Bowl - Steak,580,210.0,23.0,4.0,1.315934065934066,50.0,1460,66.0,10.0,4.0,27.0,18.857142857142858,20.17049180327869,24.852459016393443,Other
488,Taco Bell,Cantina Power Bowl - Veggie,540,190.0,21.0,3.0,1.315934065934066,10.0,1310,75.0,14.0,4.0,14.0,18.857142857142858,20.17049180327869,24.852459016393443,Other
489,Taco Bell,Cheese Quesadilla,480,240.0,27.0,11.0,1.0,50.0,1000,40.0,4.0,3.0,19.0,18.857142857142858,20.17049180327869,24.852459016393443,Other
490,Taco Bell,Cheese Roll-Up,190,80.0,9.0,5.0,1.315934065934066,20.0,450,18.0,2.0,1.0,9.0,18.857142857142858,20.17049180327869,24.852459016393443,Other
491,Taco Bell,Chicken Quesadilla,520,250.0,28.0,12.0,1.0,75.0,1210,41.0,4.0,3.0,27.0,18.857142857142858,20.17049180327869,24.852459016393443,Other
492,Taco Bell,Chickstar,620,340.0,37.0,8.0,1.315934065934066,50.0,1290,53.0,4.0,4.0,17.0,8.0,6.0,15.0,Other
493,Taco Bell,Chili Cheese Burrito,380,150.0,17.0,8.0,1.0,35.0,930,41.0,5.0,2.0,16.0,18.857142857142858,20.17049180327869,24.852459016393443,Other
494,Taco Bell,Chipotle Crispy Chicken Griller,290,170.0,18.0,3.0,1.315934065934066,25.0,640,22.0,1.0,1.0,9.0,18.857142857142858,20.17049180327869,24.852459016393443,Other
495,Taco Bell,Crispy Chicken Quesadilla,650,340.0,37.0,13.0,0.5,75.0,1480,51.0,5.0,3.0,26.0,10.0,2.0,45.0,Other
496,Taco Bell,Crunchwrap Supreme®,540,190.0,21.0,6.0,1.315934065934066,30.0,1110,71.0,7.0,7.0,16.0,18.857142857142858,20.17049180327869,24.852459016393443,Other
497,Taco Bell,Double Tostada,270,100.0,11.0,4.0,1.315934065934066,15.0,650,32.0,8.0,2.0,12.0,18.857142857142858,20.17049180327869,24.852459016393443,Other
498,Taco Bell,Express Taco Salad w/ Chips,580,260.0,29.0,9.0,1.0,60.0,1270,59.0,8.0,7.0,23.0,18.857142857142858,20.17049180327869,24.852459016393443,Other
499,Taco Bell,Loaded Potato Griller,470,200.0,22.0,6.0,1.315934065934066,25.0,1120,55.0,4.0,5.0,13.0,18.857142857142858,20.17049180327869,24.852459016393443,Other
500,Taco Bell,Mexican Pizza,540,270.0,31.0,8.0,1.0,40.0,860,47.0,7.0,2.0,20.0,18.857142857142858,20.17049180327869,24.852459016393443,Other
501,Taco Bell,MexiMelt®,270,130.0,14.0,7.0,1.0,40.0,740,21.0,3.0,2.0,14.0,18.857142857142858,20.17049180327869,24.852459016393443,Other
502,Taco Bell,Steak Quesalupa,440,210.0,23.0,10.0,0.5,60.0,840,36.0,3.0,3.0,22.0,15.0,6.0,35.0,Other
503,Taco Bell,Chicken Quesalupa,440,200.0,23.0,10.0,0.5,60.0,840,37.0,3.0,3.0,22.0,15.0,8.0,35.0,Other
504,Taco Bell,Beef Quesalupa,460,240.0,26.0,11.0,1.0,50.0,890,38.0,4.0,3.0,19.0,15.0,6.0,35.0,Other
505,Taco Bell,Shredded Chicken Mini Quesadilla,180,70.0,8.0,2.5,1.315934065934066,25.0,540,15.0,2.0,1.0,12.0,18.857142857142858,20.17049180327869,24.852459016393443,Other
506,Taco Bell,Spicy Chicken Crunchwrap Slider,400,180.0,20.0,4.0,1.315934065934066,25.0,900,42.0,3.0,3.0,15.0,18.857142857142858,20.17049180327869,24.852459016393443,Other
507,Taco Bell,Spicy Tostada,200,90.0,10.0,2.5,1.315934065934066,10.0,440,22.0,4.0,1.0,7.0,18.857142857142858,20.17049180327869,24.852459016393443,Other
508,Taco Bell,Stacker,390,170.0,18.0,8.0,0.5,40.0,1050,39.0,4.0,3.0,18.0,8.0,2.0,30.0,Other
509,Taco Bell,Steak Quesadilla,520,250.0,28.0,12.0,1.0,65.0,1250,41.0,4.0,3.0,25.0,18.857142857142858,20.17049180327869,24.852459016393443,Other
510,Taco Bell,Original Triple Double Crunchwrap,700,270.0,30.0,9.0,0.5,45.0,1550,85.0,9.0,7.0,23.0,15.0,6.0,25.0,Other
511,Taco Bell,Spicy Triple Double Crunchwrap,780,340.0,38.0,10.0,0.5,50.0,1850,87.0,9.0,8.0,23.0,20.0,10.0,25.0,Other
512,Taco Bell,Express Taco Salad w/ Chips,580,260.0,29.0,9.0,1.0,60.0,1270,59.0,8.0,7.0,23.0,18.857142857142858,20.17049180327869,24.852459016393443,Other
513,Taco Bell,Fiesta Taco Salad-Beef,780,380.0,42.0,10.0,1.0,60.0,1340,74.0,11.0,7.0,26.0,18.857142857142858,20.17049180327869,24.852459016393443,Other
514,Taco Bell,Fiesta Taco Salad-Chicken,720,320.0,35.0,7.0,1.315934065934066,70.0,1260,70.0,8.0,8.0,32.0,18.857142857142858,20.17049180327869,24.852459016393443,Other
515,Taco Bell,Fiesta Taco Salad-Steak,720,320.0,36.0,8.0,1.0,55.0,1340,70.0,8.0,8.0,28.0,18.857142857142858,20.17049180327869,24.852459016393443,Other
